,미국주식,한국주식,중국주식,인도주식,금,미국30년국채,한국30년국채,현금성자산
1990-01-31,-0.0567777693482977,-0.004213794523,0.005759055685207182,-0.0012351440126808777,0.02936455104713076,-0.022372618841780656,0.019700513154847554,0.005759055685207182
1990-02-28,0.02406512536196881,-0.034298441140000004,0.005200281224255532,-0.08664844932281279,0.02733365208861671,-0.00806503441375761,0.03559202423745611,0.005200281224255532
1990-03-31,0.0363934044552463,-0.025023062536,0.005759055685207182,0.0484716510301475,0.02763560845260704,0.010694837549968694,0.03368573078317505,0.005759055685207182
1990-04-30,-0.016563918390800514,-0.070963926834,0.005572763027456018,0.09645285150871463,-0.028508584173980278,-0.005406443039310482,-0.008979499611668107,0.005572763027456018
1990-05-31,0.10511775182119765,-0.017568427658,0.005759055685207182,0.016167159287627797,-0.03237199430294824,0.01801677234293786,-0.027174171433530625,0.005759055685207182
1990-06-30,-0.0011370203415009827,-0.006479201907999999,0.005572763027456018,0.02292107455481096,-0.03460709259090178,0.04218568758588792,0.0110848971722044,0.005572763027456018
1990-07-31,-0.005031026639073954,-0.089343941386,0.005759055685207182,0.17252804503742958,0.019644706445516524,0.0011973626924226544,0.02515051470175922,0.005759055685207182
1990-08-31,-0.09171634282979546,-0.087081065615,0.005759055685207182,0.1766264340895316,0.019202587790039916,-0.03201873339553474,0.019007382416891483,0.005759055685207182
1990-09-30,-0.05037063615631732,-0.055224348996000004,0.005572763027456018,0.13884487180998395,0.018265354486551644,-0.01149319538704574,-0.04994379227756507,0.005572763027456018
1990-10-31,-0.002979598980030973,0.133842577214,0.005759055685207182,0.02734321115398264,-0.00775955660498584,0.02643429023434596,-0.03130016171516781,0.005759055685207182
1990-11-30,0.06334388065440288,0.019917984851999998,0.005572763027456018,-0.036870909519355455,-0.009626386266073705,0.040787582105491715,0.03276909773187886,0.005572763027456018
1990-12-31,0.03171924808357618,0.023118897058,0.005759055685207182,-0.10434888103884132,-0.004456763231835303,0.04509019017679328,0.012115295186941433,0.005759055685207182
1991-01-31,0.047306128781972934,-0.09122807026,0.005759055685207182,-0.1614738653073794,-0.012735058473378968,0.007186104090763035,0.013984387251153585,0.005759055685207182
1991-02-28,0.07917882935621856,0.011119691223,0.0018601238741344783,0.0866895444562239,-0.007589017991539548,0.041698291735027926,0.015835123012066132,0.012307565018848443
1991-03-31,0.024176295879324572,0.024285932557,-0.044451223687839936,0.042627893101410796,-0.01667738052956158,-0.021794633331404856,0.013944567662500962,0.013341349824306459
1991-04-30,0.002935397843076837,-0.048165821740999995,-0.07138215491108313,0.03418182840933692,-0.0037182116308935864,0.016758330376783537,-0.0031456292362571636,0.013405042649113907
1991-05-31,0.039570077027715644,-0.012689957659,-0.08268243038646095,-0.008189719860448363,-0.007862056117870053,-0.002798097029422131,0.01782735220983378,0.01462015082153778
1991-06-30,-0.043453223524667406,-0.040463344861,0.14719703226672243,-0.007324007917661746,-0.0025270071887703027,-0.01258881545837276,-0.002193516270306284,0.014397602620201955
1991-07-31,0.048568675106814396,0.068794443593,0.09035929757354721,-0.08550263879200293,-0.005088824422882832,0.011447476579753202,0.013699999999999823,0.01488831388623213
1991-08-31,0.034140543572552584,0.09948940090700001,0.18245642480746982,0.20628525877567405,0.0031593182025695388,0.052650530073092616,0.006514890113990646,0.014365777789241196
1991-09-30,-0.004408881824152111,-0.037010976651,0.1633173454210266,0.07889235959394036,0.005257212453559479,0.04122031991179087,-0.008461390440462124,0.014067954220458478
1991-10-31,0.025365708296211764,0.030542160104999997,0.09381359884919083,-0.01517878414399354,0.019453446959319498,0.020940545359519946,0.010613674003128404,0.014881076272695415
1991-11-30,-0.03476597052562569,-0.052609189025,0.19828658450686842,0.06400261106572103,0.012744141579571266,0.013355632785159832,0.017681623052002715,0.014313550822723009
1991-12-31,0.12317529657971682,-0.0643616224,0.16168958050908633,0.00036630974447793285,0.015686920405313387,0.04077747154411404,0.02297968210899537,0.014154489292929062
1992-01-31,-0.017030997306456963,0.023516237454,0.09605984725201244,0.1011238500734466,-0.010705134893984392,0.02214908178918895,0.020532456374023456,0.014423980856702157
1992-02-29,0.02023454915113243,0.01797436689,0.1086449646695975,0.1863629956325532,-0.00399757702353376,-0.01715653439015108,0.04388205699719472,0.01267447153011303
1992-03-31,-0.009983429456993487,-0.054506371802,0.12586260920383108,0.2858462613459565,-0.003219188155423769,0.002313151296337468,0.01288014962836681,0.012987531599280233
1992-04-30,0.034025394357488414,-0.04449496586499999,0.07002606865647909,0.20684500439193032,-0.0026702885035309043,0.012559460048007676,0.01288884423651826,0.012908218143827144
1992-05-31,0.01061870267910714,0.001529571563,0.9470176829457546,-0.1817933897377445,-0.0019833534438409295,0.020463007741839734,0.017804185257671135,0.013620514290845431
1992-06-30,-0.006163240210099397,-0.042083828086999994,0.5029792622398792,-0.0728073917253731,0.0013246730962834796,0.021311461368002327,0.015294359906575794,0.013362564200387617
1992-07-31,0.035592340291421776,-0.073516386188,-0.017796054353028112,-0.09157344710989923,0.0004657554505393957,0.029926460527112342,0.03861392654994056,0.013642518321936192
1992-08-31,-0.02129675120954877,-0.051051625505,-0.18806433493630992,0.005749920355212712,0.004482859414597362,0.030876382644754674,0.09748974511051745,0.013216191507177344
1992-09-30,0.010431934230629158,0.082208341679,-0.21458907210511402,0.1505738085988162,0.003656792406203202,0.010906619221204394,0.020981651243856536,0.01309307092540024
1992-10-31,-0.0019215349310961471,0.014522435436,-0.17797407960225997,-0.056675787143212975,-0.01275290731356804,-0.021475305243423337,0.08614069527140011,0.013569151513794786
1992-11-30,0.03744483837163304,0.18388695194299998,-0.25837033414712407,-0.14837028763022275,-0.0041266346908439555,0.00018019639581612346,0.08407789287442147,0.011002309265772947
1992-12-31,0.023510686491726718,0.008060765741,0.5773881536046788,-0.04206731256031082,-0.003561471386010151,0.030935970060227636,-0.04685896531387568,0.01100979344920483
1993-01-31,0.006913950166461458,0.070736583032,0.39118805704421744,-0.0020236022723767455,-0.0020578259390640063,0.024303304078405086,0.038400354292848604,0.01207474211465609
1993-02-28,0.016614411840910392,-0.039494470796,0.3939874581381748,0.03473413801757541,-0.004244508793351587,0.0401429008342844,0.04771376619521206,0.010000278006241814
1993-03-31,0.01914823691041634,-0.034240430684,-0.20406903029790813,-0.15078172630716347,-0.009933942587500022,0.038249449703403604,0.08435944934073536,0.010054604322115024
1993-04-30,-0.02191504121368404,0.104660164036,0.09363471179264593,-0.07873681031521429,0.028403809617599363,0.004272532969466836,0.041604177396336706,0.009159296690072649
1993-05-31,0.03359788134064612,0.008829712907,-0.07605246183541126,0.020429272150764843,0.033208468923001,0.0037691846810692375,-0.005291511540069016,0.009251105825826889
1993-06-30,0.00563368819898491,0.056404556679000004,-0.09897432954180918,0.021343431398143542,0.027713634926167074,0.022795057139532338,-0.036482687017168725,0.00900338267043388
1993-07-31,-0.0006612016756146755,-0.011046817301,-0.1500909486988028,-0.0366957717355042,0.01593588290521364,0.032685819345444456,-0.01963077524933765,0.010085077901447637
1993-08-31,0.04015834017129993,-0.057845744801,0.04902610456132317,0.16849983960049886,0.014398061399707451,0.04931769545424203,0.01015833333333327,0.010616767432085172
1993-09-30,-0.007419768386679126,-0.022582921777,-0.01050228447494439,0.06343850041184496,0.01211387948923659,0.050064841853568076,-0.05425681415089645,0.0114518285958356
1993-10-31,0.020911123338917426,0.058483754618,-0.051489747669006936,-0.004036971082959306,0.0024963781942026753,0.013481102534031342,0.06269756474458732,0.011716110221955844
1993-11-30,-0.011539644607692301,0.089222373799,0.043957605663654364,0.058139473819524445,0.0006864953376288785,-0.03313642284545937,0.018234461286855685,0.01074026948515816
1993-12-31,0.012864764638527815,0.063126252579,0.020610326486383945,0.15911595774344423,0.002980036178260148,0.0004015909559538233,0.036987683765705714,0.010351299763965649
1994-01-31,0.033766982568524506,0.049010367628,-0.38058164744353706,0.15502521298000005,0.04895104895104896,-0.0001589514702018402,0.015669852302767406,0.009871554370161961
1994-02-28,-0.02726658579142094,0.048180592863,-0.07552026864244477,0.061413706770903076,-0.006789103907309135,-0.021159947729134987,0.009908333333333186,0.008504549122835714
1994-03-31,-0.045655647608487726,-0.047251687454000005,-0.058967365730657084,-0.058230496083612415,-0.015247110916961293,-0.04921529244856171,-0.006145395518980301,0.009358638178270429
1994-04-30,0.013900430027341315,-0.005859199329,-0.1451373525085361,0.004533664971425377,0.007797462569071101,-0.036996967593650454,0.010878281611156781,0.009883357930594805
1994-05-31,0.01453355452784355,0.066052783325,-0.060024483084683444,-0.019481019841861125,-0.014974073394801612,-0.012170024294755888,0.018975354039377557,0.01002412082662607
1994-06-30,-0.025172308812968835,-0.016649334571,-0.13383827261282355,0.1003256662452856,0.012947092786087966,0.006626731580567924,0.012410091509765575,0.009632809877466064
1994-07-31,0.028680521053587427,0.019391598023,-0.2011707264929682,-0.010952771310811071,0.009503073000043383,-0.018929094312961636,0.005906631595218537,0.010039363814312141
1994-08-31,0.04256838221592241,-0.006076260247,0.6673305273470644,0.07502167898920087,-0.01161845644527204,0.018776782699688965,-0.009074794781613438,0.010298115870364999
1994-09-30,-0.03040250646941356,0.067609594018,0.37200771121848053,0.01750684415760917,0.0006431018948058753,-0.025298530640607497,-0.003921201089073234,0.011545800153153207
1994-10-31,0.019916037937677267,0.082741420628,-0.24416685414160244,-0.03827322479149364,0.010895579842340464,-0.02218507195439179,-0.01267633010561009,0.011962816790505038
1994-11-30,-0.03967819553237373,0.023181675764,-0.005921458542234692,-0.05244112423402625,-0.009850993377483408,-0.012320970392563857,-0.0015455823593986118,0.011104008998665593
1994-12-31,0.00858296930587632,-0.062836560081,-0.05329419828442483,-0.05052325709667582,-0.019148900593595752,0.024707831402554614,-0.03222830999759452,0.011183107761939759
1995-01-31,0.022079217880927482,-0.072440233828,-0.09777237878851253,-0.07899909541872996,-0.01039042069696805,0.005162427359739263,-0.016435351617921312,0.011820852834475204
1995-02-28,0.037872294479774915,-0.036930376047,-0.07367109342037925,-0.05068821043463423,-0.0008863003291972316,0.03380675011974632,-0.013380390068894354,0.011255690305431276
1995-03-31,0.010491772383588227,0.013660614349,0.0738946541396519,-0.037475010548876475,-0.01850209098973521,0.00645258892553735,0.02800822574052453,0.01315723574786598
1995-04-30,0.015323647150331965,-0.042063711044999993,0.04064514968320165,-0.02849018976212414,0.006442602864257463,0.0031186481554699164,0.044254515265265804,0.011783906149843482
1995-05-31,0.038454715025521446,-0.020504242638000002,0.04298995396305472,-0.045992014120795455,-0.0010472574944364599,0.056421095167789925,0.015640141436803257,0.011603756096810747
1995-06-30,0.020423035622638697,2.2618693999999998e-05,0.022532426361916436,0.03859667127828237,-0.0159192766347791,0.052547157463040506,0.035026384056074944,0.0114518285958356
1995-07-31,0.030867791845770487,0.069448685192,0.001133898026047131,-0.0032154553774448313,0.004640332094017596,-0.015846627978502337,0.03842273489725345,0.011731080612291889
1995-08-31,0.021000341590814875,-0.030423196362,0.10684868421315552,0.024704871729074984,0.011467275804021515,0.005969529911070692,0.06431901132762063,0.011363616650609254
1995-09-30,0.03524099295922167,0.059178309212,0.004271788527913989,-0.06894746575352195,-0.006594259115593415,0.03930045396172255,0.08636336051203863,0.010418964223595228
1995-10-31,-0.0076565163640225364,0.028625855859,-0.034566787742040694,0.023735435803232896,-0.004034882207470947,0.025255601620055357,0.04747643647593125,0.010503087637825148
1995-11-30,0.051305473883805686,-0.041673757481999994,-0.035676504895061245,-0.11028748504093377,0.00038234130628267415,0.027447321043954975,0.04751892736387586,0.00958852330576554
1995-12-31,0.026095778184152207,-0.040937199643,-0.11475429772235002,-0.03636839447541784,0.02031283513794757,0.039549094535106466,0.12381649517640536,0.009626929931864758
1996-01-31,0.04651346889146324,-0.056647751267,-0.100502055219996,-0.049062082967495035,0.012245424078370704,0.018750515635112874,-0.0597816896740746,0.00945837916929726
1996-02-29,0.006023911603366239,0.009998614422999999,0.001248487159111189,0.19207050757478217,0.016886634185029115,-0.02370558765456776,-0.0595675281722704,0.008788097898434932
1996-03-31,0.009143214194845983,-0.019867852524,0.048690601592905836,-0.00938273282715607,0.005936012425032944,-0.042181939314466455,0.0035934153421586235,0.009412358069594617
1996-04-30,0.009375144486697407,0.073244693381,0.06928960227887959,0.05632608303741793,-0.018118185106928753,-0.023724848495719875,0.053323392455358665,0.009018243228703149
1996-05-31,0.03822439795888988,0.024342534087,0.10109040844674677,0.04288882663259441,0.005758007135606258,0.0003876290679807326,0.010425898980758186,0.008479403121045781
1996-06-30,0.03363687667364035,-0.079461064979,0.1782939551987417,0.0717602712959291,0.029695431472081202,0.019046761756795094,-0.029866556681155565,0.008511606889178625
1996-07-31,-0.042319011439438836,-0.040912758041,0.08550518883489167,-0.06631499712883493,-0.011387724919891373,0.01160462331532952,-0.021500400112884344,0.00980281830537355
1996-08-31,0.028873382011505022,-0.032203797138,0.02879421880117561,-0.05639143407305913,0.0009399621023236104,0.037923824290571284,-0.030980433949303277,0.010305715417807892
1996-09-30,0.06534443851230076,-0.027315619485,-0.028495694170770358,-0.008485446439751021,0.02251299641057458,-0.009295614815869602,0.024029243036610692,0.011393951415402226
1996-10-31,0.030045183531042463,0.029742149575,0.16374827029562544,-0.0669846335295019,-0.01103545719192689,0.036332528941771525,0.018015595023570308,0.0114086896462815
1996-11-30,0.07641498407013891,-0.081566877313,0.026896480312456283,-0.031731898470307995,0.0007242003621004134,0.049843419448337256,0.004277815634404991,0.010900495083401962
1996-12-31,0.0020755783949677475,-0.067890403586,0.10782673846829227,-0.025514491251726557,0.015239047011881501,0.01836845627918504,-0.0006835058513149361,0.010926790622115545
1997-01-31,0.08676166590895651,-0.030408340557,-0.0876419492311753,0.19698839354785092,-0.005018790156382624,-0.007753615216250176,0.024921404375759515,0.01082860154344445
1997-02-28,0.006732292341300683,0.042562723946999996,0.05274109359422097,0.011141687082606433,-0.03632405737771505,0.022531415641298347,0.023233717044993663,0.009180246374302703
1997-03-31,-0.00594373564844819,-0.059303824628999996,0.20948466803559374,0.1307709011797551,0.006675544916640241,0.011472647866733965,-0.016120168350351904,0.009879188597780253
1997-04-30,0.054835848651941355,0.057255976656999996,0.1493644031175927,-0.023171968250109254,0.010516268399283213,-0.018393191263634368,0.004449355726767967,0.01025788244156911
1997-05-31,0.060288286079809295,0.027077632203999998,0.03869944512031864,0.015012630337061017,-0.02276907780263493,0.024157375789132463,0.01803288806075165,0.010510670581980408
1997-06-30,0.040417317621786575,0.07306128178599999,-0.07041201580372836,0.06396942624604418,-0.003917179630665846,0.023461981759110184,0.03729847109716333,0.009905431796391584
1997-07-31,0.0820824834892131,-0.016858337712,-0.07625803209583215,0.06990117762731685,-0.005345590738849215,0.04207248352786119,-0.0019918834743873903,0.0095043776583974
1997-08-31,-0.04233351254390405,-0.015685232009000002,0.014461326756488813,-0.0018461808175775918,-0.0318950467257727,0.010832316401175435,-0.032906819738034776,0.009596306897696527
1997-09-30,0.0686487845092818,-0.086428089018,0.016971239194032206,-0.0578057696452261,0.013259668508287303,0.02945641741192384,0.046522336361677574,0.009831831266242874
1997-10-31,0.02235796075764851,-0.136585365903,0.0298672218199314,0.06450919025798307,0.049334787350054476,0.08755504586511309,0.009374999999999911,0.010722744324744404
1997-11-30,0.2611125379675152,-0.154083204959,0.22967077473309705,0.01530759318813013,0.2153932490854673,0.24830584790721022,-0.05955386749583491,0.010667345735678513
1997-12-31,0.4740649390680727,-0.21007893127900001,0.4355481491463966,0.4035074815150623,0.3681744335185977,0.4808094054741836,-0.19693810770218445,0.011536278984310977
1998-01-31,-0.08851629374941072,0.217627465833,-0.0552618662312353,-0.0979827689726771,-0.15200239988000608,-0.0711068293697259,-0.06258953187538618,0.014547542956448556
1998-02-28,0.1469859837315035,0.10512583130799999,0.07604997950806491,0.031132295772438257,0.07002617801047117,0.0632205702740738,0.09996859439991201,0.016059892036274448
1998-03-31,-0.10904565514140374,-0.004188880337,-0.16431802696934383,-0.04890874736607387,-0.12938259360277715,-0.15520883571394994,0.015957219719882065,0.017345627187534518
1998-04-30,-0.0249036971389216,-0.150630975226,0.049730423014333835,0.03153754648324836,-0.03463203463203457,-0.02580327567412899,0.012666666666666604,0.016883662326727222
1998-05-31,0.03470388993423357,-0.19787492704800003,0.09919784563826739,-0.045785175311297444,0.09925130464427157,0.05679119284340328,0.012666666666666604,0.01578149358553138
1998-06-30,0.016350956715760034,-0.120846429929,-0.011970440513249248,-0.18643598722173527,-0.056247055245093214,0.013511226948284216,0.07679561431195303,0.01388507979054543
1998-07-31,-0.11408946109813145,0.04638319592,-0.142648095058995,-0.11907600086864156,-0.12800808897876648,-0.09783304058715836,0.17304369543885612,0.013363419294320389
1998-08-31,-0.07253835968169953,-0.04573049841099999,-0.024853722182505256,-0.010653526396490975,0.09409786641929507,0.1116334564622743,0.05569162076321854,0.011145457975407558
1998-09-30,0.10951776519971879,-0.002078004867,0.05945566283367798,0.08238549498033354,0.005756186741561198,0.10103821527725088,-0.003333378734647452,0.00875037822757685
1998-10-31,0.02573441262006071,0.149415345227,-0.03200591808994391,-0.1196353089066644,-0.0342867680473139,-0.01976381511880765,0.20946480144181523,0.008417391036549482
1998-11-30,0.001295448271171784,0.196159313192,-0.02786551400792936,-0.04539109093628202,-0.030505145569490688,-0.08611405722263532,0.120317912630026,0.006402594607767709
1998-12-31,0.023268851486244913,0.222639047519,-0.09286172050349562,-0.018730406102266506,-0.04136242772126786,-0.0004430364056439151,0.14021549196548477,0.006315846489812538
1999-01-31,0.016115062944074277,0.13893123944799998,-0.058930793324623476,0.08751888405991726,-0.03350504116585229,-0.03556288313161793,0.013425560838808082,0.006315846489812538
1999-02-28,0.00870841826098867,-0.108179110542,-0.007318735693567002,0.0331307936215548,0.022647898445092407,0.013305589804665896,-0.10431786144596122,0.005200281224255532
1999-03-31,0.04290133187748868,0.09981800106,0.053892107092239794,0.13550831095091298,0.002858309514087276,-0.023155309724188333,0.04366343364740621,0.005519410004069192
1999-04-30,0.005538168697804213,0.230223314269,-0.022359300988156416,-0.10295743219667663,-0.03175895765472314,-0.023035792257259158,0.12207900831375929,0.005232477615676245
1999-05-31,-0.026271637606401277,0.0336837143,-0.013633816083765238,0.11492441281467447,-0.011507760532150746,-0.03445814554727489,-0.09096380908708412,0.005086489688241214
1999-06-30,0.03010660393455389,0.12877476824200002,0.24699606040580369,0.016159875942748814,-0.04201882818488467,-0.050314544594011634,0.0023471871222051632,0.004929781106226994
1999-07-31,0.0076134909085001645,0.15450439730999999,0.11276677111708855,0.1576778515063877,-0.02787590076905999,0.054063067049919145,-0.012842842768538976,0.005182868072006963
1999-08-31,-0.02397316379122505,-0.039427630135,0.011402892928768171,0.008176509102808538,-0.028911960132890435,-0.02633988256455355,-0.07810849784853602,0.005559393736160656
1999-09-30,0.0022508319792380327,-0.006644518404,0.030434025246003804,0.043253718319660406,0.04089155740298844,0.03569516652554339,-0.04728451054194904,0.005719307557548126
1999-10-31,0.04841240065848207,-0.106052432907,-0.07296444183467676,0.01094877899785529,0.005751848808545512,-0.03419913065487712,0.055340673288883924,0.006188872614942609
1999-11-30,-0.014202699360918891,0.146632874746,-0.07265160273590643,-0.08311594006607215,0.1367647058823529,-0.014234936056107705,-0.05036547218691567,0.005796340518904541
1999-12-31,0.03841111946958575,0.036206715274999995,-0.05724440646027906,0.025340290291218093,-0.06925398878827083,-0.04137357695723376,-0.005847400499708222,0.005687226610321838
2000-01-31,-0.0598246106759136,-0.0841409174120709,0.1116162261836568,0.0255634500277992,-0.034255316567796,-0.0232039858487935,0.0,0.0058866154115206
2000-02-29,-0.0088216450053794,-0.1336076874157405,0.1241333428578306,0.0533319212012115,0.0432748676942942,0.0479089932122773,0.0,0.0055951467324546
2000-03-31,0.0718897113047254,0.0471067238209417,0.0259859414583507,-0.1028534168736596,-0.0790527714538797,3.896999644981136e-05,0.0,0.0058627112450615
2000-04-30,-0.0311935232086515,-0.1556974903719765,0.0240546032386106,-0.0660074765403829,-0.0020971761051848,0.0322837420665704,0.0,0.005572763027456
2000-05-31,0.0020123779072676,0.0167744632677815,0.0506310389340278,-0.0515478935807096,0.0076546279054914,-0.0183999850186247,0.0,0.0058069110252947
2000-06-30,0.0062817605508691,0.126051355517371,0.0042261930854579,0.0558262327865286,0.0444931129476582,0.0223546796020088,0.0,0.0056807663375457
2000-07-31,-0.0141577987065999,-0.144402966455869,0.0510157223909943,-0.1063258780677741,-0.0380555177504989,0.0159233713084725,0.0,0.0058945821061073
2000-08-31,0.0576150869820579,-0.0314493296763471,-0.0083283354912582,0.0215782011892526,-0.006355424822043,0.0184960613238194,0.0,0.0058786480365653
2000-09-30,-0.0493215990040235,-0.1175178883909692,-0.0495343093095603,-0.0842567843620094,-0.0063025660160136,0.002829544589247,0.0,0.0056036343450471
2000-10-31,0.0164724753236253,-0.1619746274938514,0.0488752789226989,-0.0900599798147896,-0.0128975137748592,0.0323151873631042,0.0,0.0057989368399575
2000-11-30,-0.0112842406703603,-0.0081250071525573,0.1280131385282719,0.1518426319470809,0.0870634042065885,0.0812804466326306,0.0515821341419227,0.0056036343450471
2000-12-31,0.0356434597588568,-0.0020479059397083,0.0425624178061585,0.0370030784570356,0.061782526556918,0.0883992013376091,0.0898467631700852,0.00575107740779
2001-01-31,0.0370394304383754,0.2309393091586096,-0.0109561541779256,0.0887542665948935,-0.0431001919171627,-0.0036174761507528,0.0744848670396476,0.0056712570792121
2001-02-28,-0.0976879983471997,-0.0748910453434328,-0.0539583657313983,-0.0240649577824273,0.0057527025524355,0.0057197611817718,0.0373427770877341,0.0047887613329409
2001-03-31,0.0020385294716032,-0.0967562487745271,0.1448275489117536,-0.1041051671005048,0.0257018000260327,0.0831225928940071,-0.0682452989821665,0.0047403131687078
2001-04-30,0.0748467166008146,0.1118783437142738,-0.006719831480307,-0.0337911576733042,0.0111824571952627,-0.0390168840690251,-0.0799771329453439,0.004548020121899
2001-05-31,-0.0335002315176691,0.0502415395855548,0.0156020667552667,0.0005275241174196,-0.0119847643950925,-0.0391986457898967,0.0252929089684992,0.0048289924191626
2001-06-30,-0.007838957051984,-0.0379813316958894,0.0181489559432994,-0.0344778645852235,0.0281592721652792,0.0333142948558815,0.0604300030027018,0.0046806515236814
2001-07-31,-0.0101952883369338,-0.0849725935877646,-0.1342546262683948,-0.0387212646938113,-0.0173688100517371,0.0131061671279137,0.0452855775568021,0.0046757661223075
2001-08-31,-0.0730493026823816,0.0065690473269612,-0.0587939757442708,-0.0393385897307118,0.0117306750383947,0.0101755549768922,0.0781500115143911,0.0044090358894479
2001-09-30,-0.0687560048843803,-0.1262236510331594,-0.0242665765653833,-0.1347893227737493,0.0886772106398274,0.0248227100283449,0.0188022585182452,0.0039526746809119
2001-10-31,0.0083527558906602,0.1278221458750339,-0.047301635672352,0.0552363976500465,-0.0533420751005854,0.0230511341807118,-0.0405953059028982,0.0038732730671895
2001-11-30,0.0588473994388485,0.204545391910178,0.0164095634695979,0.0815910185566228,-0.0291991917178763,-0.0121765868529274,-0.037473595512615,0.0035114608957282
2001-12-31,0.0376329396072958,0.0867175127734922,-0.0283370982790688,0.0177446382574726,0.0355598547524105,-0.0158896850338817,-0.0104644270306987,0.0037673796761283
2002-01-31,-0.0091201829848909,0.0692192314426844,-0.0931157356761023,0.0095580901868728,0.0216760570263869,0.0137909347284523,-0.0052713213298279,0.0040196961444953
2002-02-28,-0.0109126036315709,0.1035595774173527,0.029457008438924,0.079141526639668,0.059061063488357,0.0215398115472664,0.018389033725791,0.0035932862152432
2002-03-31,0.0349098612388629,0.0898459690561221,0.0535014080711524,-0.025948820114371,0.0169382637144108,-0.0309840217889143,-0.0150116157663242,0.0037755295991146
2002-04-30,-0.0808160437076358,-0.048730303350303,0.0148007939648278,-0.063839184218633,-0.0020405565940536,-0.0101024873072007,-0.0097608739452518,0.0037323386999716
2002-05-31,-0.0633190417783032,-0.0525424980727513,-0.1435336702238627,-0.119129927127226,-0.0014729290179703,-0.0487106401562608,0.0320396148524619,0.0039790461583693
2002-06-30,-0.084669542333282,-0.070535718205294,0.1296903969597667,0.0290333216554443,-0.0362381535709932,0.0118599945338897,0.0480817282024821,0.0038661785574893
2002-07-31,-0.0956387126542562,-0.0376774328883654,-0.0641961685515299,-0.0919479388760547,-0.0609484291641969,0.0028984181202982,0.0343927637103931,0.0040278240127187
2002-08-31,0.0228864676696889,0.0265084216123745,0.0252059721525257,0.0855952509071729,0.0431557408491851,0.0719889676972564,0.045917312989401,0.0040765763299319
2002-09-30,-0.0856371529315029,-0.1207995671153404,-0.0307005406183671,-0.0371181905539524,0.0570605758699618,0.0649702744899314,0.0160830180902826,0.0038583111423575
2002-10-31,0.079022201404626,0.0212608537439398,-0.0497027941042025,-0.0168220955807137,-0.023957560431386,-0.0398447236668303,0.0119714459630495,0.00399530828234
2002-11-30,0.0397366795563765,0.1077016214437587,-0.0683201495837715,0.0728039289348798,-0.0140256946893618,-0.0296416408390352,0.0489235714303344,0.00394481483731
2002-12-31,-0.06632940598615,-0.1323193905634877,-0.0634580505293841,0.0429231505888492,0.0769734390859908,0.0344408360775618,0.0090889666636124,0.0040765763299319
2003-01-31,-0.0421078735791946,-0.058219623963615,0.0852950597579418,-0.0514957068745866,0.0394629683510399,-0.0236105181048195,0.0548733441027113,0.0040684527159546
2003-02-28,0.010823706218179,-0.0315076137745359,0.0328259122440151,0.0388184658446717,-0.0312666725059121,0.0563733193699433,0.0470673495858853,0.0035271819619848
2003-03-31,0.0510837569013613,-0.0658887511722928,0.0479131180446519,-0.0235394020794135,0.0108043966083608,0.0345253406875154,-0.0032624947859474,0.0037755295991146
2003-04-30,0.0529923659136388,0.1234385528255666,-0.0221343699441068,-0.054289017497147,-0.0236445936166163,-0.0189756431883063,0.0305161450020035,0.0038268345898018
2003-05-31,0.0500633016407467,0.0533682406006754,0.0313790644702214,0.0766095432208571,0.0683435957902092,0.0583846397052072,0.0603100068888999,0.0038407033116194
2003-06-30,-0.0010418739270179,0.0613436299054837,-0.0682454004792437,0.1371146939591998,-0.0536892799809739,-0.0294275052565731,0.0400936820057535,0.0035351523751105
2003-07-31,0.0052592784563527,0.0707850162156988,-0.0186860244530076,0.043857968714579,0.012430041371044,-0.1110985762011654,-0.0724427407916077,0.003563399363903
2003-08-31,0.0154404714014309,0.0663242997975359,-0.0419497982331179,0.1200776611428542,0.053394747347448,0.007909518085412,-0.0423962333200143,0.0034571526794031
2003-09-30,-0.0317821200797363,-0.0823854246115098,-0.0588345111759761,0.0292222658311163,0.0112106586907756,0.0369830540844446,0.0821341529792154,0.0031474065952081
2003-10-31,0.0844858076366878,0.1327749747007411,0.0152486111026783,0.1455046243139275,0.0247433436049668,-0.0018160786968659,-0.0117108125726681,0.0031951044378963
2003-11-30,0.0263749348728685,0.0213919372704938,0.0520751251557811,0.0326677788787403,0.0470929218053004,0.0187336721682558,-0.067253370903254,0.0031711943179346
2003-12-31,0.0414885023094038,0.0154425100347044,0.0624771740463079,0.1544953791077041,0.0361558498935385,0.0049187543860407,-0.0073216692006379,0.0035225496064754
2004-01-31,0.0043705393772224,0.0539872669385286,0.0465217165739326,-0.0343947077931916,-0.0541417256182357,0.003226122181821,0.0059991354219384,0.0036123954195603
2004-02-29,0.0178878987891613,0.0453602561726267,0.0574904365725352,-0.0007062471719341,-0.0055387044500768,0.0271753680397661,0.0030441663499203,0.0033178397295534
2004-03-31,-0.0402788997252619,0.0005176431067641,0.0112364988872093,0.0018491400257616,0.041031383384634,-0.0136728999488955,0.0300366440787174,0.0033998926480289
2004-04-30,0.0040927330861995,-0.0308674058237183,-0.0623702526790821,0.00922022076452,-0.0615679159284776,-0.0403561740472689,0.0058857021715816,0.0031711943179346
2004-05-31,0.0096707007143335,-0.0734875624919693,-0.0319914870308249,-0.1810702795970242,0.004809037784498,-0.009889535009032,0.0180339059107637,0.0032606857140056
2004-06-30,0.0106328823220513,-0.0219896382653039,-0.1076560353519929,-0.012644370169436,-0.0012909914899771,0.0027272684586676,0.0274551090916972,0.0031474065952081
2004-07-31,-0.0204983237050336,-0.0646048299424039,0.0026995450871771,0.0815848510849173,0.0008593693994556,0.0276110874372319,0.0245431631630101,0.0032606857140056
2004-08-31,-0.0129861404308628,0.079983237273858,-0.0467025904378805,-0.0101740553774604,0.0244880311308517,0.0256322625936769,0.0959519280484746,0.0032606857140056
2004-09-30,0.0100372799132071,0.0466517939569619,0.04071193355898,0.0857157286204137,0.0206261510128913,0.009494825999903,0.0360785343958378,0.0029886604772075
2004-10-31,-0.0152510230873981,0.0027857314101791,-0.0807943726130702,0.0009594064101101,-0.0046212759132282,-0.0106215555386331,0.0189981441983284,0.0029405394588657
2004-11-30,-0.0226306901402439,0.0500972661276848,-0.0499359933896627,0.0476215878303996,-0.0030481561676486,-0.0867025591647779,0.019093421111765,0.0028455485184146
2004-12-31,0.0174415568208925,0.0163139193053618,-0.0670245154596528,0.0750660827931941,-0.0510848483215871,0.0139502674212963,0.022770436244806,0.0028582728973176
2005-01-31,-0.0302121368982217,0.0504121263218546,-0.0664606095209114,-0.0224495777815557,-0.0386010989032438,0.0274319946266967,-0.0910093848126177,0.0028335787337578
2005-02-28,-0.0049453723858852,0.0808690627982497,0.0680569645160873,-0.0011547213740126,0.0053875139118946,-0.0396690477386032,-0.0683886286280871,0.0026184596806466
2005-03-31,-0.0040212640743269,-0.0463890488428159,-0.0823847256572587,-0.0199885641849825,-0.0039847459318552,0.0099257344062309,0.0215209323014564,0.0029980827921138
2005-04-30,-0.0365169538752415,-0.0577015308437139,-0.0364827853449535,-0.0662958015238711,0.0007127660922379,0.0198303041517946,0.0167871623698159,0.0028694163649647
2005-05-31,0.0405078676688357,0.0617451470809422,-0.077554096442215,0.0963251121285599,-0.0411393694510199,0.0396505180018527,0.0485377787708893,0.0029405394588657
2005-06-30,0.0309122976148981,0.0367670335832708,0.0489555148225386,0.1055267939112489,0.0856081517854088,0.0516374131772943,-0.0028973361222582,0.0028375911587188
2005-07-31,0.0302322479159924,0.1073168155331014,0.015151599947115,0.0558430250634616,-0.0261211272193736,-0.0412792678687632,-0.0635777084792063,0.0029323160760772
2005-08-31,0.0026889975053274,-0.0225370556884021,0.087501987854784,0.0206046981297305,0.0222046990191169,0.0473649138566469,-0.0250225028727697,0.0029323160760772
2005-09-30,0.0113234312644459,0.1246342149353367,-0.0019649123589519,0.1113499836675233,0.0958999481835647,-0.0329750597141967,-0.0064022540631383,0.0028296330933821
2005-10-31,-0.022620574652464,-0.0552840783570521,-0.052464677652299,-0.1083255294618177,-0.0042329376030527,-0.0213773427176693,-0.0268724492829481,0.0030884361756549
2005-11-30,0.0378502941437934,0.1149556640105602,0.00052388666065,0.0882549818512901,0.0467394011075823,0.0010173231739591,-0.0413740625809927,0.0031711943179346
2005-12-31,-0.0282752030005957,0.0691774386179684,0.0296186990911098,0.0623712543415282,0.0076678088379893,0.0026166200246362,0.0162943702758071,0.0033016505518259
2006-01-31,-0.0277951593384422,0.0181480096580235,0.0299142837863182,0.024704413352298,0.0525821222473124,-0.0633009478821238,0.0075632834463523,0.0033671568051247
2006-02-28,0.018311815177491,-0.0177137949424778,0.0480087878462307,0.052495693717615,-0.0101837843041304,0.0237323696875428,0.0495697772910252,0.0031220678241776
2006-03-31,0.0170272976638015,-0.0069878289980285,0.0030422833616123,0.0816781953333876,0.0473016581070295,-0.0452070710782599,-0.016237895907138,0.0035388916609275
2006-04-30,-0.0171818801510316,0.0447761142331737,0.0766849917817797,0.0111334836715828,0.0739507297010657,-0.0561568159453125,0.0001089510209264,0.003440348932177
2006-05-31,-0.0275495193150833,-0.0711027222308696,0.1419248567870026,-0.1461813226645049,0.0166638887205285,0.000737953826607,0.0423124739297362,0.0036042312011008
2006-06-30,0.0060027657575061,-0.0208174824451645,0.0257604080020612,0.0315214343508269,-0.0573096462242717,0.0152086507905548,-0.0031785108579091,0.0035114608957282
2006-07-31,0.0112556441486915,0.0063302333706305,-0.0259784557625937,0.0059264157424736,0.0379263101048754,0.0285258540349089,0.0180339059107637,0.0037184651495147
2006-08-31,0.02845701952132,0.0411252042043666,0.0371198778594494,0.0973899839722594,-0.0078288105825704,0.037252358288528,0.0385331242366513,0.0038488468187176
2006-09-30,0.0108661149071458,0.0148768842569029,0.0464967375943037,0.0587871013155973,-0.0539934485987678,0.0031381333211895,0.01194159400921,0.0037638483766975
2006-10-31,0.0273729743462805,-0.0067958814553653,0.0479969981965777,0.0608068446834353,0.003462308858589,0.0044155273596075,0.0199059171138804,0.0038569896135918
2006-11-30,0.005597215030284,0.0459172729254164,0.1325593409399059,0.0490987429319935,0.0561323153203396,0.0087487797831344,-0.0147451609560653,0.0036771701535149
2006-12-31,0.0144620420534662,0.0023247873062983,0.2807267706689713,0.0186641706472099,-0.0216788288242553,-0.0259098563056717,-0.0021254278197231,0.0038244141602292
2007-01-31,0.0270458979729673,-0.0507038887072203,0.0581879389754571,0.0350780131055581,0.0414463386416223,0.001759427041176,-0.0097207414523083,0.0039546476460168
2007-02-28,-0.0182627503537515,0.0449627815170112,0.0394957097414074,-0.0807537896542711,0.0224713271324845,0.0353170017720914,0.0088310218183393,0.003688677648534
2007-03-31,0.0103004759401859,0.0240175176231935,0.1062743274100959,0.0320151763926539,-0.0049574303624461,-0.0182546313032693,0.0150673577116615,0.0041090637012537
2007-04-30,0.0330882691161871,0.0583688517696534,0.1956869047550944,0.1025267731478918,0.0120655132847979,-0.0017788625194795,-0.0158147384140565,0.0039683923055435
2007-05-31,0.0299217650179326,0.090153581573193,0.0737257768913932,0.0619902711538855,-0.0302047479957543,-0.0269149847088027,-0.0183865713034228,0.0041090637012537
2007-06-30,-0.0197203762183982,0.0224532255896205,-0.0703106319959719,-0.0033547312841468,-0.0181563222628591,-0.0152587569338475,-0.0337235397571252,0.0040469392099029
2007-07-31,-0.0350899950954414,0.1039718495299015,0.1718034432314683,0.0678481111093718,0.0190671918897784,0.0291586597800173,-0.0012649748843261,0.004174004464756
2007-08-31,0.0338824900077776,-0.0247217107230461,0.1955861316671923,-0.0056077040754825,0.0307535466718553,0.0390328529666186,0.0193413542193843,0.0041902325826677
2007-09-30,0.0115871671806919,0.0374349429857405,0.0434973734355594,0.1236218916119247,0.076778798077167,-0.0238946487279698,-0.0100624372108151,0.0041803115634031
2007-10-31,0.0020281950599736,0.0534790317261215,0.0637698833114908,0.1762347920705995,0.0504881521167792,0.0065713255563371,-0.0012059923134907,0.0044252231147123
2007-11-30,-0.0198946761474608,-0.0710775240427574,-0.1564383605081037,-0.0107823992648715,0.0118483096621904,0.0741584648639548,-0.0025843882230163,0.0042821687866276
2007-12-31,0.0047372461868309,-0.0026456094413621,0.1110839757959896,0.085477014510634,0.0813528121646209,0.0098006350431341,-0.0249532861303017,0.0044980308417381
2008-01-31,-0.0528304184770063,-0.1388485904040072,-0.1469457536239783,-0.1541477579489929,0.1163395220534635,0.0292512437440013,0.0425889500376894,0.0047403131687078
2008-02-29,-0.0264621329909602,0.0437021785837168,0.0012191408522381,-0.000425333791566,0.0515917990484551,-0.0051866020020381,0.0465584588049567,0.0044941319508444
2008-03-31,0.039201903271717,0.0036891296769752,-0.1507306463874772,-0.0510093153820764,0.007563785974084,0.0710058561798379,-0.0074720441712818,0.0043766529981197
2008-04-30,0.0650416096803532,0.0797151692628459,0.0849744437001964,0.0974276037246419,-0.0514738939821842,-0.0086856505523785,0.0332696364285294,0.0042116645456131
2008-05-31,0.0388534549807886,0.0104681136760305,-0.0421526020421029,-0.0741277194055982,0.0407136247579553,-0.0041284443030644,-0.0439090589845969,0.0044575891295561
2008-06-30,-0.0672701080158729,-0.1008169871327144,-0.1793355595269075,-0.170915661366214,0.0689267257696983,0.0448014968038101,-0.0500258907666203,0.0042978288870534
2008-07-31,-0.0424044172331735,-0.0440240210152796,-0.0168220051794959,0.0474275847027676,-0.0464462560910474,-0.0372711297952276,-0.0144024597943898,0.004441407527741
2008-08-31,0.0932562066484996,-0.0742699821965838,-0.0682783473191087,0.0638023221600654,-0.0230680507497116,0.1061094838468601,0.0217916552032386,0.004570781714035
2008-09-30,0.0033961159654172,-0.0123836341740982,0.065361731022367,-0.0724008525110121,0.1761975864726055,0.1240633184151953,-0.0061570942780955,0.004618261120139
2008-10-31,-0.1159127819190313,-0.2096238138502908,-0.2075391994084813,-0.267206673072541,-0.1250634329933665,0.0393180638422157,0.0719816129247206,0.0047886941297288
2008-11-30,0.0691328383819931,-0.0463728565280719,0.246194126342846,0.0938296086551162,0.280817967760919,0.3139186150656399,-0.023886278085484,0.0048208718367195
2008-12-31,-0.1319053192473904,0.0404521704341389,-0.1631043406946845,-0.0582209367325152,-0.082012752511947,-0.0229608655826628,0.1396729881249454,0.0046515494480177
2009-01-31,0.0037100847309707,0.0340279844198752,0.192589422752911,0.0568934231230708,0.1560510903318939,-0.0494270196293961,0.0784407423959265,0.0038895536734546
2009-02-28,-0.0086212952326326,-0.0876230380386794,0.1621156403397428,0.0247582170767957,0.1499835291707054,0.0937084713201596,-0.1196492303878083,0.0024325410541068
2009-03-31,-0.0301230491245407,0.1371766942703343,0.0210832148515491,-0.0211651105542947,-0.1380956104388518,-0.0684747630794501,0.0462363227150999,0.0022637955364805
2009-04-30,0.0230016262982193,0.1209477495544864,-0.0264035589038099,0.095285176175313,-0.1032053458621062,-0.1341378143533675,0.0150840128421219,0.0019900831958321
2009-05-31,0.0352448999676648,0.0163840800072418,0.0379137704119785,0.3214441487407919,0.0802273496494956,-0.0580654453154964,-0.0189667031431042,0.0020315793959777
2009-06-30,0.0189482890108489,0.0022237521369588,0.1456255255776672,-0.0295385199585943,-0.02323847801973,0.027272917419977,-0.0273060505286117,0.0019579444274104
2009-07-31,0.0313179083222137,0.135398421755043,0.1062519869287013,0.0332764410915702,-0.0356612538214157,-0.0347533406566193,0.0164972398588654,0.0020232752222322
2009-08-31,0.0588290005796372,0.0205681135379274,-0.2014044608444911,0.0074134559150669,0.0390522929635606,0.0438882981743686,-0.0339259020506781,0.0020232752222322
2009-09-30,-0.0251107814340744,0.0633400040735052,-0.0185472327588943,0.0424972595951202,-0.0188330633042171,-0.0353506504230661,0.0134175580613897,0.002014179714727
2009-10-31,-0.0133824881379722,-0.0577616655293314,0.0842552318587155,-0.0440439952760456,0.0506610541610355,-0.020358612387053,-0.0058013365067268,0.0022140837512163
2009-11-30,0.0457996774766036,-0.0100574261432643,0.0506797852780336,0.0626463698798927,0.1136952525055317,-0.0029407280215525,0.0134160128236691,0.0022627986633252
2009-12-31,0.0184441933786101,0.092162303435102,0.0250414384674537,0.0336758276449198,-0.0756542360639725,-0.0640606140342751,0.0164301397527575,0.0023383134034293
2010-01-31,-0.0404415570100222,-0.0527127975274441,-0.0918347871217218,-0.0588359361426256,-0.0124945141402572,0.0225531950292257,-0.0015176420197157,0.0023631394243415
2010-02-28,0.0314619920013918,-0.0095864458035319,0.0213724650859663,0.0091625400867205,0.0278506610548912,-0.0031661455647002,0.0119282258225392,0.0021790233618119
2010-03-31,0.0354329056996027,0.0661001309283999,-0.0057057856033694,0.0662835068335876,-0.0176012637199978,-0.0440659978910474,0.0636820532035782,0.0024127715862951
2010-04-30,-0.0053564035905125,0.0297833032542038,-0.0954984227460661,0.0015954014400039,0.0354679813886491,0.0120277758115083,0.0056614023018943,0.0022948283828569
2010-05-31,-0.007588944227465,-0.0610023425653041,-0.0273366219691764,-0.0084229839303872,0.1038946999446659,0.133139846561634,-0.0021254278197231,0.0021062835887297
2010-06-30,-0.0308230429555883,0.030394478017067,-0.0475117453627401,0.0652127440191889,0.052953989428774,0.0813164678335545,0.0072406634079718,0.0019900831958321
2010-07-31,0.0343050626753644,0.0391607615230553,0.0659689296829928,-0.0205140561635197,-0.0901929457982663,-0.0409841545024498,0.0072311379371219,0.0020564874660895
2010-08-31,-0.0320531019793934,-0.0091208345242963,0.0090584358165561,0.0055716757432597,0.0802962602713355,0.0985812613442178,0.0409694330984198,0.0021643453654069
2010-09-30,0.0368963778368598,0.0677182610606041,-0.0255873813107012,0.120857924032347,-0.0017399920145132,-0.0723157541772059,0.0711239139073045,0.0021345652755777
2010-10-31,0.0235409313156162,0.0077999495716543,0.1091360844374511,-0.0134676760750011,0.0158621101103428,-0.0581833234364029,0.032723857224622,0.0022306573004502
2010-11-30,0.0295373665480427,0.0317716524397106,-0.0247553102973039,-0.0274018357012664,0.0576312950578927,0.0121460810991924,-0.0573031227751826,0.002158623006411
2010-12-31,0.0423290542953544,0.0876438139085633,-0.0173041882803955,0.0458126344624627,-0.0074503452934198,-0.0591272919977063,0.007023668061129,0.0022886414632086
2011-01-31,0.0128913578720122,0.0081666168796943,-0.016552228264439,-0.1332672837118995,-0.0654554965038097,-0.0406702378654791,-0.033118300146555,0.0023465894803906
2011-02-28,0.0389907113798475,-0.0599459260317297,0.0500930869953435,-0.0114451564307901,0.0676713181284589,0.0206793380172451,-0.0072117695656589,0.0022163538489483
2011-03-31,-0.0234208884810771,0.0869400339291421,-0.0123309900606445,0.0834455605885193,-0.0041613249032332,-0.0232519453788337,0.0448548242506392,0.0026192875490864
2011-04-30,0.0019068181300423,0.042727481158183,-0.0231162177236399,-0.0338475741600704,0.0390042324207133,-0.0035157451838324,0.0086822351799695,0.0027101773474254
2011-05-31,-0.0023298683234519,-0.0219216185602273,-0.0475753123873555,-0.0565803217974819,0.0096425041642074,0.0435199188215646,0.0270945799129613,0.002841810850104
2011-06-30,-0.0275400535537142,-0.0283659918959378,-0.0018193315746612,0.0309478773814575,-0.030810180475468,-0.0338316512564861,0.0205029456378,0.002797793773011
2011-07-31,-0.0313088084168068,0.0060883078558162,-0.0290003092449728,-0.0320188639504118,0.0692227844553714,0.0321011495329146,0.0052239777885889,0.0029487621147326
2011-08-31,-0.0460995603422444,-0.1266821674190158,-0.0320633053626632,-0.1111476045413321,0.1240612978381405,0.1069762178155624,0.0506802633352954,0.0029980827921138
2011-09-30,0.0329178041416113,-0.0499281300127653,0.0199609596367389,0.0242351264408668,-0.008461074323437,0.2565579536771996,0.0409290877758361,0.0029012302893192
2011-10-31,0.0444805260886689,0.0903979304514519,-0.0111702056095719,0.0226484748283115,0.000989044764978,-0.0943633357750841,-0.0163216726891629,0.0029898644949524
2011-11-30,0.021012747772632,-0.0345102958810658,-0.0341383148930468,-0.1315639707484793,0.0394669291904785,0.0455704959515406,0.013902070451057,0.0028932778654509
2011-12-31,0.0268007394761227,-0.0049304372499391,-0.0296007996523219,-0.0438339426569585,-0.1089479154593859,0.051189679759179,0.0013879461732215,0.00297342572215
2012-01-31,0.0167491985116789,0.077622315413327,0.0105956125823962,0.1690232474685815,0.1068733161617183,-0.0315177417386943,0.0049559006307315,0.0029652052462405
2012-02-29,0.0354340304541211,0.0371644809994811,0.0535967563269819,0.0393913563959364,0.0071546715478971,-0.0334118735491074,0.0013879461732215,0.0027736366320718
2012-03-31,0.0453765445404514,-0.0016619262687671,-0.0569031971659486,-0.0412435134159057,-0.0487109227029023,-0.0301011527352966,-0.0213055759808802,0.0029487621147326
2012-04-30,-0.0078609979901976,-0.005421995430563,0.0608631585008248,-0.0432229820585082,-0.0079520548764523,0.0470921343462629,0.012088053302409,0.002861461121407
2012-05-31,-0.0185084039872014,-0.0775454187162641,0.0191965145898715,-0.08506231910754,-0.0147669535969096,0.138444288447862,0.0301279198398829,0.0029569840438128
2012-06-30,0.0063386631823252,0.0036725974437261,-0.0905554250536785,0.0518561413808635,-0.0077673217510497,-0.0491368711507522,0.0249479648473611,0.002861461121407
2012-07-31,0.0021648412147079,0.0203543250235023,-0.0649350476429987,-0.0185607943481097,0.0050092611244247,0.0282570629987304,0.0655659273559117,0.0029569840438128
2012-08-31,0.0277101159115473,0.0,-0.0222143506902694,0.0087933426768753,0.0189725080910745,-0.0106309686320233,0.0436249589028292,0.0027924072192351
2012-09-30,0.0054536557519127,0.0492526001388333,0.0092140815567571,0.115792712405867,0.0564369559722328,-0.0442415670797703,0.0104006725606327,0.0025825823551439
2012-10-31,-0.036787596548939,-0.0459903262787951,-0.0196397867206691,-0.0491268357159146,-0.050421220281665,-0.0236834541776344,0.0183546875299847,0.0026275386548968
2012-11-30,-0.0021074861011719,0.0181277710420102,-0.0486640288411179,0.0294097340291035,-0.0036828824904867,0.0037797450269898,-0.0014680934586114,0.0023748526771176
2012-12-31,-0.0083299254067218,0.0412833121323605,0.1256970271380098,-0.0236862661102614,-0.0561192072949474,-0.0415623212302956,-0.0246194687684329,0.002387958817396
2013-01-31,0.0751356765466026,-0.0214205393396859,0.0771858509230813,0.0754238573094057,0.0272531247583087,-0.009800399193481,0.0182596784545991,0.0024127715862951
2013-02-28,0.0094431840842303,0.0391704295715025,-0.0119880645455398,-0.0778694029213068,-0.0489264132427369,0.0090731828004628,0.0045005944198168,0.0021640864762537
2013-03-31,0.0653406171201413,-0.0184774042982309,-0.0279491544318281,0.0216561395483099,0.0326674537032316,0.0220623164588713,0.0284291445388964,0.0023714132916055
2013-04-30,0.0091710241909939,-0.0289915275815263,-0.0286321941027758,0.0494690103821178,-0.0899248465636933,0.0365362788106411,0.016495867282589,0.0022788149528589
2013-05-31,0.0494621047745393,0.0212972375438094,0.0884295283371086,-0.01675866600168,-0.0267396148578353,-0.0440617192655786,-0.0096007055700739,0.0023465894803906
2013-06-30,-0.0027644504907583,-0.0751863103371149,-0.1309547918495121,-0.0636007807929102,-0.1360473947529062,-0.0223398492694988,-0.0751876809205961,0.0022067191156995
2013-07-31,0.0343645086773996,0.0262774707432054,-0.0077547377162473,-0.0532140682117026,0.0846152133119271,-0.0386691806629398,-0.0269238406609926,0.0022555120849332
2013-08-31,-0.0414317488702342,0.0121090417128395,0.0415888117519116,-0.1290915140313626,0.0485364234078715,-0.0250400952464362,-0.0226316089794837,0.0022472278951708
2013-09-30,-0.0019136607441667,0.039880524146908,0.0025254449250149,0.0647781025148452,-0.0798721802638825,-0.0262244990358406,0.0177387413959397,0.002158623006411
2013-10-31,0.0341212543296354,0.0239692130710615,-0.0225626166954097,0.102611945592633,-0.0135087090421543,0.0024912406172541,0.0197006661842609,0.0022306573004502
2013-11-30,0.0266581369795919,0.0089889194377805,0.0341924554003287,-0.0345940911291708,-0.0563641483142381,-0.0298478046645827,-0.0234706441634535,0.002158623006411
2013-12-31,0.0234917859266639,-0.0103935225483905,-0.0432882885644526,0.0260160094311918,-0.0409881923981446,-0.0210256956295795,-0.0095258868180388,0.0022223708952162
2014-01-31,-0.0122913244145784,-0.0423854972284652,-0.0171730993076358,-0.0222516276337551,0.0633191629470508,0.088322911200789,0.0041330222579785,0.0022223708952162
2014-02-28,0.0316282417424906,0.0178223250541202,-0.0159486292129038,0.0310846897504402,0.0462674808133796,-0.0081109398370661,0.026078376819852,0.0020070870657937
2014-03-31,0.0070092300667747,0.000192108447838,-0.0238192699676419,0.0983494196871741,-0.0274391223501037,0.0060355104701175,-0.0009254795577394,0.0022223708952162
2014-04-30,-0.0231250618730056,-0.009276760628094,-0.0397796836385785,-0.034377391245185,-0.032309788398355,-0.0095421507909482,0.0035042030179075,0.0021506044798671
2014-05-31,0.0107734969731334,0.0190088752491017,-0.0039749325210303,0.0854879804230124,-0.0412841531702208,0.016985944383081,0.0287698286658635,0.0022223708952162
2014-06-30,0.0119418700326214,0.0,0.002888123329477,0.0281350489733192,0.0426126520870628,-0.0110185639495175,0.0248579944863813,0.0021506044798671
2014-07-31,0.0023125322169648,0.0384252704981671,0.097257564624742,0.0223004743202255,-0.0070199469424636,0.022712598365701,0.0477013698343022,0.0022223708952162
2014-08-31,0.0254055169975717,-0.0188960609914747,-0.0015526603000272,0.0003890436378557,-0.0131409219863626,0.0330741290048461,-0.0032956005326154,0.0022223708952162
2014-09-30,0.025793437289233,-0.0326660887565182,0.1098540008712956,0.0346141465198182,-0.0158777501696775,0.0181725152383991,0.0171199170272182,0.0020462983369384
2014-10-31,0.041526685406406,-0.025180124999988,0.0461638013277676,0.0715289585245406,-0.0261434026622117,0.046242381293919,0.051809065017089,0.0019734345911088
2014-11-30,0.0648049927051916,0.012615125563631,0.1431381934259263,0.0563978483718561,0.0528024247012477,0.0670873102655649,0.0180869041288433,0.0017970775527089
2014-12-31,-0.0215247420758299,-0.0243230248020058,0.1709430317061437,-0.0665432838742581,0.000246618810491,0.0128577155925124,0.0045007831433532,0.0017987815673605
2015-01-31,-0.017700815577629,0.0277666917361376,-0.0025345691302757,0.0944863309220009,0.0578290996958117,0.111657561660807,0.0587744186783454,0.0017904565626327
2015-02-28,0.0527134778620408,0.002366344514544,0.0244437796299803,0.0062512363464704,-0.0398830288905267,-0.0644861108708058,0.0168144938232621,0.0016170465593732
2015-03-31,-0.009392105821261,0.0200669748041424,0.1524132268027738,-0.0437450437338547,-0.0159687951353593,0.0174062229113383,0.0171128844287,0.0017821308119183
2015-04-30,-0.0183996535180641,0.0402254986022654,0.1514513182524108,-0.0820984733592445,-0.0334861966988111,-0.0612521744087632,0.0236216533929003,0.0015875181257576
2015-05-31,0.0460149925543273,-0.0225142227531323,0.0729429312021807,0.062394007116751,0.0424941373691651,0.0082363283972159,-0.0640571422955748,0.0015236617654943
2015-06-30,-0.0155987279467544,-0.0343566655915502,-0.0683753918822027,-0.0010695043975365,-0.0123938991284923,-0.0361047832607852,0.006718453314946,0.001466395212974
2015-07-31,0.061356966484189,-0.0335944354713659,-0.1123483448467171,0.0536556258126805,-0.0264372700339587,0.0850947229031762,0.0058649417155403,0.0014317737977331
2015-08-31,-0.042455630595666,-0.047109447362604,-0.1309772794840968,-0.0835696102302732,0.0536721956559951,0.0126641683571506,0.032658940851312,0.0013899764694276
2015-09-30,-0.0238020499158236,0.0207254146123565,-0.0430505642429297,0.0125173504046016,-0.0167758209406482,0.0214620109434142,0.0220063853042034,0.0013370167477397
2015-10-31,0.0446478085683188,0.0607019882545993,0.0731073135276649,-0.0215915583882241,-0.0127429943142916,-0.0411796136819694,0.0302757185232886,0.0013481603224365
2015-11-30,0.0114784754288055,-0.0233299104809799,0.0152221511203978,-0.0238899239760002,-0.0631791249519536,-0.00094972605417,-0.0343121392230898,0.0012884516240863
2015-12-31,-0.0002940352000897,-0.0059205899146815,0.0305380821333567,0.0224042150409435,0.015467253571495,0.0142646611806305,0.0178891266125988,0.0013397948332354
2016-01-31,-0.0166460727215111,-0.0336826020367502,-0.2113681237828659,-0.0393589480334387,0.0854490390471121,0.0925510668505802,0.036763232663717,0.0014066976579996
2016-02-29,0.0223360772036744,0.0172162772824957,0.0081154975607491,-0.0595180679945552,0.1364690420483811,0.0547565666007094,0.0474967873895435,0.0013158832861748
2016-03-31,-0.0182731217464986,0.0428329190324734,0.044628565875858,0.0489085390205541,-0.0785833987084068,-0.0810065526338318,-0.0048990810654061,0.0013816147460916
2016-04-30,0.0085517344373544,-0.0022101532518518,-0.0212593323292578,0.0169052177825808,0.0441019445603967,-0.0028071731743926,0.0116960340089891,0.0013289243881431
2016-05-31,0.0569244575577954,-0.0061346249684937,0.0149488784285316,0.068576547663185,-0.0202084053804558,0.0476159086743142,0.0068314120390671,0.0013565250581808
2016-06-30,-0.0259283600522126,0.0041150591766103,-0.0346764402654763,-0.0198127485213223,0.057709054246501,0.0380076611593696,0.0417721642050599,0.0012884516240863
2016-07-31,-0.0005817768351099,0.0297119614904983,-0.0180798935574425,0.0161981767207592,-0.0202350915154964,-0.0154762736355031,0.0541043979942521,0.0012058444198388
2016-08-31,0.0039775933351235,0.0187140245987398,0.0322062241689333,0.0173317452153116,-0.0216950787720306,-0.0073861595109084,-0.0027316114151545,0.0011471803002724
2016-09-30,-0.0160724057298051,0.0031267095635569,-0.0405827625412335,-0.0305174093853163,-0.0061722569698434,-0.030969569159878,-0.0216630453295617,0.0011020410740574
2016-10-31,0.025075852176964,-0.0052599399710971,0.0597305843365283,0.044217946884332,0.0033277056533889,-0.0025363229550424,-0.0187029058695447,0.0011304123135018
2016-11-30,0.0644483698240581,-0.0047004010050269,0.0589171822985052,-0.0487491878263365,-0.0491575742764842,-0.0576959435059155,-0.0820090796662743,0.0011020410740574
2016-12-31,0.0444450798899453,0.0360091983689054,-0.0307684034606477,0.0284768484155975,-0.0042866327704734,0.0189581165743848,-0.0410382574552152,0.0011974661001035
2017-01-31,-0.0263142074685897,0.0347579661386781,-0.0169438950342888,0.0069715245246197,0.0124147611346647,-0.0356430761303852,0.0124268834821317,0.0012979560804022
2017-02-28,0.0191818275936601,0.0045888843667647,0.0077898908509226,0.02946727003664,0.0152578726307117,-0.0038102113001485,-0.0096735192156424,0.0011420334453118
2017-03-31,-0.0091155374565514,0.042938177958713,-0.0186068212068832,0.0511251317179242,-0.0188257443550791,-0.0168359622473599,-0.0108500374829805,0.0012560984698217
2017-04-30,0.0275581561309397,0.0238929600189536,-0.0049485672925967,0.0412228545986361,0.0351133519080248,0.0334655692812428,0.0104033912117669,0.0012074512103554
2017-05-31,-0.0014153885411701,0.0640112766814338,-0.0155522452406835,0.0146273036358444,-0.015506739321158,0.0032777749192054,-0.0144637227081538,0.0012058444198388
2017-06-30,0.0281008701017191,0.0241948773028206,0.0509567783394755,0.0090559747946719,0.0022652468066097,0.0296778738685992,0.0221024319208111,0.001134488173754
2017-07-31,0.0010220301267436,0.0074395173844077,0.0138961169740654,0.0452792453331472,0.0008376871246535,-0.0255962753018519,-0.017095705535009,0.001163945259534
2017-08-31,0.0033645056826288,-0.0206611120082402,0.0483568430158445,-0.0115090081144516,0.0353316490649169,0.0345480186074707,-0.0056911048727738,0.0011723266042062
2017-09-30,0.0385189257206708,0.028886939064455,0.0045779868672533,-0.0163445966169087,-0.0042276371374694,-0.0056405663205606,0.0021220843641469,0.001134488173754
2017-10-31,-0.0005251026084609,0.0537975591254344,-0.0075311097094602,0.0397591576815508,-0.0333898778865786,-0.0239112377901309,-0.0338267453715179,0.001163945259534
2017-11-30,0.0020325868545527,-0.0251682955675943,-0.046085123312051,-0.0335896879074549,-0.0199937723811844,-0.0204609422294266,-0.0157246265562589,0.0011263775004912
2017-12-31,-0.0040783385613042,0.0075303636246351,-0.003498299424668,0.0232534804368793,-0.0077112167085947,0.0018234406646915,0.0164615470385398,0.0012225987918204
2018-01-31,0.0572596175001844,0.0282181735287205,0.0886015130917532,0.0522092393974487,0.0427549852318425,-0.0317308102992003,-0.0297731744290148,0.0013983374400163
2018-02-28,-0.0239218863638583,-0.0597833257093753,-0.0438958343150923,-0.0601654092027612,-0.0075753293112981,-0.0178993625028124,-0.0270221209605422,0.0012629290481667
2018-03-31,-0.0464017443429584,0.0085201512890262,-0.0401720991625853,-0.0536486753303012,-0.0150625163945982,0.0085118362747571,0.0149872575092633,0.0013899764694276
2018-04-30,0.0128230378388927,0.0252575652292808,-0.0438465202708485,0.0475838805588162,-0.0004904539471543,-0.0134247126907401,0.013170604107858,0.0013451083765865
2018-05-31,0.0355000456011023,-0.0384294068504594,0.0083376923688207,-0.002870750103177,0.0048823101364678,0.0311887686853591,-0.0185133294436009,0.0013899764694276
2018-06-30,0.0346370579537314,-0.0320011584129742,-0.0702844838878345,0.0107313328020919,-0.0145448201342893,0.0353636950106541,0.0230930299637244,0.0013451083765865
2018-07-31,0.0379416931199436,-0.0073298429319371,-0.018899226867805,0.0596156034934518,-0.0227484052547584,-0.0135174980781295,0.0245566384173925,0.0013899764694276
2018-08-31,0.0353974910211656,0.0073839662447257,-0.0487251645883061,-0.0037603916892928,-0.0118331695647972,0.0165345438968103,0.0213566778191234,0.0013899764694276
2018-09-30,-0.0001271052194778,0.0041884816753927,0.0095295633861156,-0.0896094245724123,-0.0186012708007313,-0.0345069156333042,0.0328523454956277,0.0013451083765865
2018-10-31,-0.0430839191296975,-0.1215551914196335,-0.0637168754041562,-0.041819021623662,0.0519353714786796,-0.0021723440364054,-0.0030101082466984,0.0013899764694276
2018-11-30,-0.0012449833389093,0.0274715957266407,-0.0119722161376836,0.0907035189461547,-0.0173356546880804,-0.0019093417022096,0.0301348158493306,0.0013693788800068
2018-12-31,-0.0927445426501569,-0.0184848984981019,-0.0357144216928866,-0.005876909117776,0.045061075238842,0.053084372771988,0.0506702783170611,0.0014401310067115
2019-01-31,0.0790659833384281,0.0904657810660838,0.0787037806708816,-0.0229295693194637,0.0336397685394054,0.0028568974456515,0.0018850511720795,0.0016071174759033
2019-02-28,0.0443295306416371,-0.0067848882035466,0.1496013864061227,0.0095140005271827,0.0084054510384667,-0.0023833492993478,0.0023345964848069,0.0014213381844492
2019-03-31,0.0286472739785457,-0.023133053873622,0.0576000639928713,0.1093004212542143,-0.0078317390801403,0.0666522972287633,0.0095744281890659,0.0015737441885133
2019-04-30,0.0672327383792614,0.0300381436745074,0.0413514919598694,0.0339571866281795,0.014976402056622,0.0049300297892405,0.0162331282228707,0.0015471620066558
2019-05-31,-0.0433608178085423,-0.0734454559481561,-0.0702179704833581,0.0371398444855128,0.0323589657732226,0.0916840443921056,0.0156123436452213,0.0015653989929254
2019-06-30,0.0373150029487125,0.0534554537885094,0.0249999427219884,-0.0311892870086007,0.0547546409266326,-0.0209579053303053,0.0512777499325896,0.0014987106653501
2019-07-31,0.0398779667586743,-0.0382548213721151,0.0406505994806154,-0.0323591199742274,0.0378762878278542,0.0270180082582496,0.0283027298098961,0.0015153120691222
2019-08-31,0.0070159484299618,-0.0304076265614726,-0.0297852780596503,-0.0220831819157905,0.0965168346716467,0.1373247709754825,0.0640999135832698,0.0014150571235189
2019-09-30,0.0064381534062807,0.0603492117308017,0.0130851062708274,0.0394212486309111,-0.0406104757378886,-0.0392277421192711,-0.0393911808426914,0.001215554547769
2019-10-31,-0.0007582460688247,0.0086330935251799,-0.0039742799817394,0.0066939609397138,-0.0054860837275668,-0.0332525755589384,-0.0362273767895664,0.0012979560804022
2019-11-30,0.0470379625743146,0.0028530670470756,-0.0044886961938125,0.0150770180606563,-0.0235119062656256,0.0063478325598882,-0.0389298088232655,0.0011912423365065
2019-12-31,0.0065198330071911,0.0771297613402877,0.0536072585422779,-0.0073846612085438,0.014675492302733,-0.0531739075201335,0.0243284425822203,0.0012812153000958
2020-01-31,0.0306015111546569,-0.031107850330154,-0.0523062095401943,0.0111253252792498,0.0782892462088626,0.1103153909755305,0.0006704720222514,0.001289586067475
2020-02-29,-0.060908313712347,-0.0590640617900953,0.0737582341722167,-0.0581634315931105,0.0363392401161843,0.087405350996756,0.0291643931979177,0.0011593457367862
2020-03-31,-0.1219900822600515,-0.1131498470948012,-0.0892523966890213,-0.2591498167993313,0.0027314989136617,0.0672695100097438,0.0145589281977891,0.0011974661001035
2020-04-30,0.1131427572149279,0.0903811252268602,0.0569521673073765,0.1373927146223301,0.0453015368644129,-0.0002416895872717,-0.0033364035422649,0.0010046292018826
2020-05-31,0.0760652407319706,0.0372836218375498,0.0024272530796218,-0.0087326672336177,0.0427808478440596,0.0090304397846394,0.0281468221647855,0.0009289599093187
2020-06-30,-0.0119843734647571,0.0474967907573813,0.0658596969455973,0.0447705339269339,-0.0070746414290639,-0.0259327539976194,0.0016507772361016,0.0008339031048978
2020-07-31,0.0519947965310452,0.0670955882352941,0.1467514091897626,0.0768535677060924,0.1040669276024419,0.0375486593354332,0.0090212279700478,0.0006681018454477
2020-08-31,0.0651323253179063,0.0292850990525408,0.0491283389977308,0.0469404727234232,-0.0081856108869017,-0.0546053827972258,-0.0020544274139168,0.0006681018454477
2020-09-30,-0.054879204515151,0.0086471408647141,-0.0540030389529598,-0.0340055951252777,-0.0534545617227277,-0.0105203610275688,-0.0294459255191454,0.0005567975365459
2020-10-31,-0.0516776299486557,-0.0273783185840708,0.00439125769022,-0.0074566754168413,-0.030030747997615,-0.0603512859309639,-0.0004344135607737,0.0005331780216593
2020-11-30,0.0812037240607197,0.1509809496730167,0.0596183712892282,0.0947524551743685,-0.0866865026342795,-0.008642758564782,-0.0231747470665982,0.0005159742942177
2020-12-31,0.0185918717300723,0.1382164031620554,0.0116279206812222,0.0734106996861945,0.0518884269266723,-0.0298548804524561,-0.0139368811616124,0.0005584911854381
2021-01-31,0.0191909725930772,0.0436245252306022,0.0748978941158973,0.0064615720811149,0.0167010415666797,-0.0077225080667894,-0.0116654092014222,0.0005584911854381
2021-02-28,0.0324099062272347,0.0140376416761984,0.0248362035615039,0.0547439005738246,-0.0607052023552338,-0.0531064083324569,-0.0247314847546702,0.0005196680575096
2021-03-31,0.0485260813341867,0.0123051681706316,-0.0683270497046742,0.0249586066494063,-0.0268193039723528,-0.0496184839836,-0.0420556142763152,0.00061752839643
2021-04-30,0.0425002557136842,0.0177269043760128,0.0137282561150773,-0.0253640562731066,0.0349623353493739,0.0148173442697463,0.0014764759655627,0.0006139188245652
2021-05-31,0.0029281087452639,0.0125410570319497,0.0552387651164953,0.0872096111739511,0.0737852993395939,-0.000964709581214,-0.0181722663633229,0.000625959218673
2021-06-30,0.0350364800723332,0.0286051312297257,-0.0155353061795496,-0.002964940639709,-0.0587290771523821,0.0591257506196145,0.0306250458295596,0.0005567975365459
2021-07-31,0.0423132398230317,-0.0340214067278287,-0.0620925814129346,0.0215219620338662,0.0551444336619726,0.0568379930273594,0.0770630281187161,0.0005584911854381
2021-08-31,0.0460082290050396,-0.0085081123862287,0.0153620802363023,0.1137789015055541,-0.0003953113083032,0.0021873421714995,-0.0029642676816947,0.0005837974463116
2021-09-30,-0.0125054324150363,-0.0450009978048293,0.0317002018525156,0.0337508141208373,-0.0186590810525123,-0.0077959583665213,-0.0700621083692899,0.0006302325018254
2021-10-31,0.0279475514151386,-0.0307177933340299,0.0115223799509507,-0.0155372282121022,0.0076069332982562,0.0170672806311964,-0.0659363713686196,0.0008280695397582
2021-11-30,0.0250637138168408,-0.037512126765118,0.0010355109915214,-0.0300186994649723,0.0307843214645999,0.0386576452677525,0.0695244989305781,0.0008827152048849
2021-12-31,0.0410277218028696,0.0642849143241124,0.0234485064078782,0.0325794518913147,0.0017644031242689,-0.0191971594001416,-0.0154538140962244,0.000987762028376
2022-01-31,-0.0768310825213788,-0.0887088287909081,-0.0522238456601298,0.0116172485723966,0.0138682294250442,-0.0244346167360169,-0.0585821794731359,0.0010717005016414
2022-02-28,-0.0163864346594233,0.0117782909930714,-0.0031993725762596,-0.0464726218630097,0.0429897414108062,-0.0199982103771084,-0.0230194578622919,0.0010588156030064
2022-03-31,0.0846118652413798,0.0124400821730199,-0.072040104231917,0.0427155757632509,0.0220140527220424,-0.0471531478269311,-0.0451952021047198,0.0012644715014114
2022-04-30,-0.0383993418458118,-0.0280689888400406,-0.0599537289733138,0.0069874648065622,0.0252062665354275,-0.0611047403281739,-0.0910843574554312,0.0012236571523602
2022-05-31,-0.0399327324915939,-0.0034794711203897,-0.002453053578119,-0.0585757351543002,-0.0420205641130461,-0.037274393878205,0.0123573788103124,0.0013816147460916
2022-06-30,-0.0455340692360602,-0.1304702048417132,0.1577868776812547,-0.0188707920296642,0.02473168702113,0.0367555101644465,-0.0890075973737997,0.0014421509744118
2022-07-31,0.0857798048404121,0.0540757596038012,-0.0739823147700432,0.0831837734566169,-0.0341529852943295,0.0244129534309078,0.1227580779606694,0.0016738281041468
2022-08-31,0.0080269843085474,-0.0006349206349206,-0.0107032660868287,0.0649539142171302,0.0075435860180332,-0.016450782673994,-0.1246891766063414,0.0020232752222322
2022-09-30,-0.0272421971845461,-0.1287166454891994,-0.034003077679185,0.005145523005102,0.0201216955261072,-0.0185928963176038,-0.0675016832847409,0.0022627986633252
2022-10-31,0.0616112598969011,0.0644596762432549,-0.1039999953077858,0.0312535746869493,-0.0045872188448063,-0.064288029777965,-0.0548010458654754,0.0025202171292275
2022-11-30,-0.0551947524886792,0.0743937525688449,0.0321428267504462,-0.02198268500262,-0.0096773816092305,-0.0095405659499875,0.1022420202269192,0.0029807157967283
2022-12-31,-0.079467363149715,-0.0804641673042591,-0.0030277669733845,-0.0907472985853304,-0.0032573464573641,-0.0681004846858583,0.0035762434978596,0.0033262208009672
2023-01-31,0.0307980718482547,0.0912494799611705,0.0780912231901844,-0.034305043758585,0.0214752420400896,0.0523224968620081,0.0966590415631474,0.0033507845643274
2023-02-28,0.067903940740126,-0.0094039903418478,0.0092555408994108,0.0412684781485341,0.0063985719931296,0.022164207550088,-0.0613997266473845,0.0028632381894917
2023-03-31,0.0012717885167192,0.0261706221937139,0.0,-0.0071012196974993,0.0762942433672924,0.0328274390227085,0.0646464824155768,0.0029405394588657
2023-04-30,0.0495341989391,0.0116264533066632,0.0095692297284148,0.0728180089085515,0.0299578143918952,0.0300190785308029,-0.0070665844202747,0.0029171330233983
2023-05-31,0.0068576476023571,0.0411517548195747,-0.0896524206228852,0.0121184516247159,-0.0188447229142715,-0.0401965936677908,-0.0545632051482158,0.0029240919662332
2023-06-30,0.0448717427341283,0.0020178041543026,-0.0034706321721513,0.0411877291448967,-0.0288100008546735,-0.0029358247159911,-0.0198523822582485,0.0029409818423282
2023-07-31,0.0030675858480107,0.0148069177919925,0.0252502172937856,-0.013799628958742,-0.010748086864722,-0.0579453727193226,0.0043670703769254,0.0031294769044591
2023-08-31,0.0294342006570045,-0.0252130267304774,-0.0407642389756256,0.0144593522468789,0.0304215495001667,0.0055174453079036,-0.0059974467343152,0.0031294769044591
2023-09-30,-0.0319346895003823,-0.0207160819063585,0.0070827941939299,0.0298848685620327,-0.0016870256450305,-0.0518976351470882,-0.0371597986158664,0.0029886604772075
2023-10-31,-0.0303029695570155,-0.0645634629493764,-0.0360440508320761,-0.028126317975893,0.0435149596443891,-0.057032841322818,-0.0359892033208215,0.0031376828781706
2023-11-30,0.0518195171542252,0.1079738562091503,-0.0574554454897018,0.0041454989617868,-0.0186234691675512,0.0529631903999845,0.1263822869238373,0.0030839418333796
2023-12-31,0.0496427743416179,0.0655969797074091,-0.0179004375946281,0.0825689000392304,0.0173267452385152,0.0903077505603489,0.1160405010915313,0.0031951044378963
2024-01-31,0.0619850325502242,-0.0613374667847652,-0.0321271009042873,0.0333119116989097,0.0137874935646113,-0.0084755660810836,-0.0381638622626636,0.0031951044378963
2024-02-29,0.032388644199885,0.0574427931115828,0.0734375353159899,0.0102711893986773,-0.0028000150630013,-0.0298199558276939,-0.0187732312433812,0.002919604267344
2024-03-31,0.0552287857326216,0.0611266034578918,0.0189228318765835,0.0244001530941104,0.142398757103622,0.0352421973863319,0.0166795293877508,0.0030802258569087
2024-04-30,-0.0071230113204512,-0.0244927993272363,0.0523809375274759,0.0378927732925091,0.0393258477053617,-0.0400387589570118,-0.0391741915237423,0.0029489300405758
2024-05-31,0.0265127686138655,-0.0178879310344827,-0.0045248772382058,-0.0038313854051079,0.0070945665950672,0.0139029624387141,0.0167924070601768,0.002981645471676
2024-06-30,0.0458825891980263,0.0710994075049373,-0.0409090033620027,0.0669231470414597,-0.0134183039784796,0.0338831363191249,0.0582000115236138,0.0029091820085915
2024-07-31,-0.0040672160476106,-0.008297480024585,0.0066349786739063,0.0284491051189443,0.0421625379489007,0.0096108824876386,0.0650854261461086,0.0030063003632943
2024-08-31,-0.0049592496943345,-0.0447267844230967,-0.0348398694048208,-0.0190140921118094,0.0065253113665204,0.0112327049829645,-0.0031352599806609,0.0029569840438128
2024-09-30,0.0014658794115598,-0.0467128027681661,0.1926829029618713,0.0071788497551315,0.0320907521047442,-0.010072517838929,0.021296499586801,0.0028296330933821
2024-10-31,0.0667447528651841,-0.0113430127041742,0.0102248428963007,-0.0176156121206441,0.142587895694259,-0.0036134995974926,-0.0129188256624906,0.0029405394588657
2024-11-30,0.0507682241491551,-0.0445158329508948,-0.0024290453155765,-0.0036390893092652,-0.0585486692215265,0.0215689387542379,0.0833225057001394,0.0027739068670928
2024-12-31,0.0498826169701602,-0.0169308357348703,0.0811688206494571,0.0332359705742699,0.0601460495719063,-0.0068199627945763,-0.0392942907233977,0.0026976919344443
2025-01-31,0.0062188478851286,0.0453157444729448,-0.0509719344276302,-0.045277028543756,0.0451666160841937,-0.0038567435748109,0.0161239818135512,0.0031998764271692
2025-02-28,-0.0289246461304193,0.0087637298434213,0.0128358860068,-0.0534322855999697,0.0442688054619733,0.0538244393306643,0.0519545736830771,0.0026987878076347
2025-03-31,-0.048879815389679,0.0024325263523687,0.0047525152333738,0.0713447332358256,0.0651021893370913,-0.0050177343716686,-0.0064771494026515,-0.0001997408264864
2025-04-30,-0.0331566499452302,0.0168708111855788,-0.0626724355423142,0.0188601416998406,0.0146883951831124,-0.0394999977080402,0.0303354135773437,0.0032007354020104
2025-05-31,0.0338794834240738,0.0639772727272727,0.0037846185604952,-0.0179985447013135,-0.0396917580671125,-0.0671240826612223,-0.0403318246306454,0.0023995631862736
2025-06-30,0.0298146190990531,0.153262843105842,0.008378704169184,0.007698029459918,-0.0226112245023948,-0.0063947819229137,-0.0249159915019823,0.0023995810471726
2025-07-31,0.0643778403187387,0.0577884793480274,0.0697596156708648,-0.0224365438082695,0.0325870787450375,0.028188592689526,0.0100979431666483,0.0027001909612742
2025-08-31,0.0145320562780086,-0.0167221152162493,0.1142519660534622,-0.0089752787338012,0.03565402029153,0.00377516921891,-0.0106065452861292,0.0020994631358997
2025-09-30,0.0354454925315805,0.1025732347965453,0.0461593152554864,0.0041509033446911,0.2747150087314269,0.0411408011853928,-0.0205721487052447,0.0022998011533732
2025-10-31,0.0477750319770382,0.2221594120972301,0.0196827447155669,0.0615743025598436,-0.0330291560657991,0.0273817247277707,-0.0351447918442607,0.0022999906106426
2025-11-30,0.0292330101202067,-0.0397119069644509,0.0053262828004103,0.0394176231164853,0.0522739826770224,0.0317739718031087,-0.0586368622039582,0.0020998173998596
2025-12-31,-0.0111424715476136,0.0939929814904012,0.0215232120428647,-0.0362145315578055,0.0403861263261358,-0.0399977211973988,-0.0047753427694705,0.0031004270070258
2026-01-31,0.0017172094137229,0.2696395999748411,0.0213433600215775,-0.0446518287236669,0.2218583002930529,-0.0121986383839984,-0.0614591873413891,0.0024989735218914
2026-02-28,-0.0046562948985018,0.2177251560487467,0.0130615137741902,0.0081785014236674,-0.0538939051918735,0.0446011478400143,0.0281181925405737,0.0022999783675645
2026-03-31,-0.0102472799800092,-0.2004800455636467,0.001886808730537,-0.0888643032233162,-0.05934983596779,0.0223713029154248,-0.0828038298512762,0.0024991733741674
2026-04-30,0.0798116360214082,0.333791278685188,0.0554147278376926,0.0175390523629077,-0.0380469245402663,-0.0456566060468572,-0.0018694627326668,0.003802425330323
2026-05-31,0.080854641339207,0.3461641170411627,0.0432319957175006,0.0063770864465508,-0.0110415293342122,0.0234220755199801,-0.05,0.0016985140349734
2026-06-30,0.0122093026353535,0.0282823702780061,0.0474421371276059,0.0518812065518508,-0.0866522246292285,0.050865404026281,-0.074404251671524,0.002600050872958
2026-07-31,-0.074819725592777,-0.2135042028386385,-0.1383479982669154,-0.0703168482429408,-0.0483488414522896,-0.1223834561196076,-0.0270420448231153,0.003201053351701
2026-08-31,-0.0114440282979608,-0.0095661924451608,-0.0303223747207149,-0.0529747351263243,0.0515720858895705,-0.0391530170088113,-0.0039977155910908,0.0029985634526759
