,미국주식,한국주식,금,한국10년국채,미국10년국채
1990-01-31,-0.0567777693482977,-0.004213794523,0.02936455104713076,0.017982379606715115,-0.0074280725538763415
1990-02-28,0.02406512536196881,-0.034298441140000004,0.02733365208861671,0.030003216379183684,0.0005949385934784779
1990-03-31,0.0363934044552463,-0.025023062536,0.02763560845260704,0.028345722080549862,0.009151518478246912
1990-04-30,-0.016563918390800514,-0.070963926834,-0.028508584173980278,-0.004040763290024452,0.0026479600093467504
1990-05-31,0.10511775182119765,-0.017568427658,-0.03237199430294824,-0.01828328903790777,0.016832947596682635
1990-06-30,-0.0011370203415009827,-0.006479201907999999,-0.03460709259090178,0.011385385966852235,0.031523616893488926
1990-07-31,-0.005031026639073954,-0.089343941386,0.019644706445516524,0.022213749744470546,0.00619052696514788
1990-08-31,-0.09171634282979546,-0.087081065615,0.019202587790039916,0.017438409591900905,-0.012866496454456366
1990-09-30,-0.05037063615631732,-0.055224348996000004,0.018265354486551644,-0.036650125205263784,-0.003249937856194096
1990-10-31,-0.002979598980030973,0.133842577214,-0.00775955660498584,-0.022400459821314667,0.019738859514840446
1990-11-30,0.06334388065440288,0.019917984851999998,-0.009626386266073705,0.028815143733099013,0.02830296824779821
1990-12-31,0.03171924808357618,0.023118897058,-0.004456763231835303,0.0123696447972792,0.032720826035684825
1991-01-31,0.047306128781972934,-0.09122807026,-0.012735058473378968,0.013857026549139784,0.009693539686411068
1991-02-28,0.07917882935621856,0.011119691223,-0.007589017991539548,0.015322693659153952,0.030813458482358946
1991-03-31,0.024176295879324572,0.024285932557,-0.01667738052956158,0.013816272900227355,-0.010904028959059064
1991-04-30,0.002935397843076837,-0.048165821740999995,-0.0037182116308935864,0.00018455886869039873,0.012480073285020543
1991-05-31,0.039570077027715644,-0.012689957659,-0.007862056117870053,0.016955124940129185,0.0016316705470174053
1991-06-30,-0.043453223524667406,-0.040463344861,-0.0025270071887703027,0.0009260220995823687,-0.005181343248246373
1991-07-31,0.048568675106814396,0.068794443593,-0.005088824422882832,0.013700000000000045,0.009787734423200689
1991-08-31,0.034140543572552584,0.09948940090700001,0.0031593182025695388,0.007929859799078898,0.04304740189145306
1991-09-30,-0.004408881824152111,-0.037010976651,0.005257212453559479,-0.004219687823768137,0.03662336214742856
1991-10-31,0.025365708296211764,0.030542160104999997,0.019453446959319498,0.011277665684387816,0.026808850319481436
1991-11-30,-0.03476597052562569,-0.052609189025,0.012744141579571266,0.017011880533577495,0.01958733570755178
1991-12-31,0.12317529657971682,-0.0643616224,0.015686920405313387,0.021268769777558205,0.038084177352552206
1992-01-31,-0.017030997306456963,0.023516237454,-0.010705134893984392,0.01925771206206406,0.011750226526882068
1992-02-29,0.02023454915113243,0.01797436689,-0.00399757702353376,0.03778535459962096,-0.008260414774751257
1992-03-31,-0.009983429456993487,-0.054506371802,-0.003219188155423769,0.013004391024113104,0.0016230785833810657
1992-04-30,0.034025394357488414,-0.04449496586499999,-0.0026702885035309043,0.013012904825164373,0.015250961333701296
1992-05-31,0.01061870267910714,0.001529571563,-0.0019833534438409295,0.016926858083331275,0.018333618979190724
1992-06-30,-0.006163240210099397,-0.042083828086999994,0.0013246730962834796,0.0149167139003894,0.024308872763340483
1992-07-31,0.035592340291421776,-0.073516386188,0.0004657554505393957,0.03327500014666107,0.03129048523974576
1992-08-31,-0.02129675120954877,-0.051051625505,0.004482859414597362,0.07759176292302916,0.02315261336023977
1992-09-30,0.010431934230629158,0.082208341679,0.003656792406203202,0.01885438737716716,0.016608112880421633
1992-10-31,-0.0019215349310961471,0.014522435436,-0.01275290731356804,0.06687151481901221,-0.012113452956068915
1992-11-30,0.03744483837163304,0.18388695194299998,-0.0041266346908439555,0.06358820150379785,-0.011261727057398807
1992-12-31,0.023510686491726718,0.008060765741,-0.003561471386010151,-0.03180299150409438,0.017146505896203923
1993-01-31,0.006913950166461458,0.070736583032,-0.0020578259390640063,0.03095885551863331,0.023988426304563326
1993-02-28,0.016614411840910392,-0.039494470796,-0.004244508793351587,0.03726123563631112,0.03359660641120521
1993-03-31,0.01914823691041634,-0.034240430684,-0.009933942587500022,0.061876058998986405,0.02413715804424532
1993-04-30,-0.02191504121368404,0.104660164036,0.028403809617599363,0.031575901060130196,0.008125534510668997
1993-05-31,0.03359788134064612,0.008829712907,0.033208468923001,-0.0008074943474407625,0.006659572142148074
1993-06-30,0.00563368819898491,0.056404556679000004,0.027713634926167074,-0.022968415149136834,0.01401136308202
1993-07-31,-0.0006612016756146755,-0.011046817301,0.01593588290521364,-0.011206671939019253,0.019875719567738814
1993-08-31,0.04015834017129993,-0.057845744801,0.014398061399707451,0.01015833333333327,0.016911990322937775
1993-09-30,-0.007419768386679126,-0.022582921777,0.01211387948923659,-0.03712730520081975,0.029764354582143993
1993-10-31,0.020911123338917426,0.058483754618,0.0024963781942026753,0.04813376837153949,0.0068929902995367165
1993-11-30,-0.011539644607692301,0.089222373799,0.0006864953376288785,0.015993059185173575,-0.026509358943696215
1993-12-31,0.012864764638527815,0.063126252579,0.002980036178260148,0.029197802510007254,0.0016247385959766714
1994-01-31,0.033766982568524506,0.049010367628,0.04895104895104896,0.013999125098344889,0.006313421101013628
1994-02-28,-0.02726658579142094,0.048180592863,-0.006789103907309135,0.009908333333333186,-0.011718104072829694
1994-03-31,-0.045655647608487726,-0.047251687454000005,-0.015247110916961293,-0.0015198040940173074,-0.03392395901939149
1994-04-30,0.013900430027341315,-0.005859199329,0.007797462569071101,0.010646638425423127,-0.0285087902716904
1994-05-31,0.01453355452784355,0.066052783325,-0.014974073394801612,0.016382812395702384,-0.010461142400516099
1994-06-30,-0.025172308812968835,-0.016649334571,0.012947092786087966,0.011699686143085364,0.010892647352367169
1994-07-31,0.028680521053587427,0.019391598023,0.009503073000043383,0.007081355412966506,-0.012029653115791739
1994-08-31,0.04256838221592241,-0.006076260247,-0.01161845644527204,-0.0036446581732886285,0.012057082130886299
1994-09-30,-0.03040250646941356,0.067609594018,0.0006431018948058753,3.835873659885358e-05,-0.015296163315931977
1994-10-31,0.019916037937677267,0.082741420628,0.010895579842340464,-0.006378166015441278,-0.015491971459837384
1994-11-30,-0.03967819553237373,0.023181675764,-0.009850993377483408,0.001731166499499004,-0.011748159944708458
1994-12-31,0.00858296930587632,-0.062836560081,-0.019148900593595752,-0.021194055148013313,0.010918520871228576
1995-01-31,0.022079217880927482,-0.072440233828,-0.01039042069696805,-0.009562631915015496,0.004877159751163429
1995-02-28,0.037872294479774915,-0.036930376047,-0.0008863003291972316,-0.00737292302924375,0.02714023655989961
1995-03-31,0.010491772383588227,0.013660614349,-0.01850209098973521,0.02403425781392654,0.006270218371207337
1995-04-30,0.015323647150331965,-0.042063711044999993,0.006442602864257463,0.035928176733874384,0.0020175724896138725
1995-05-31,0.038454715025521446,-0.020504242638000002,-0.0010472574944364599,0.014519729648668989,0.035871930167763244
1995-06-30,0.020423035622638697,2.2618693999999998e-05,-0.0159192766347791,0.028750066659215756,0.03675147362799125
1995-07-31,0.030867791845770487,0.069448685192,0.004640332094017596,0.030958138166192084,-0.005032076418739484
1995-08-31,0.021000341590814875,-0.030423196362,0.011467275804021515,0.04889610927335797,0.008077803469330291
1995-09-30,0.03524099295922167,0.059178309212,-0.006594259115593415,0.06277547926319293,0.020011698321042326
1995-10-31,-0.0076565163640225364,0.028625855859,-0.004034882207470947,0.03526617927646347,0.012943004888820608
1995-11-30,0.051305473883805686,-0.041673757481999994,0.00038234130628267415,0.03475411571450571,0.0205253315937024
1995-12-31,0.026095778184152207,-0.040937199643,0.02031283513794757,0.08203024268465686,0.028288275000515783
1996-01-31,0.04651346889146324,-0.056647751267,0.012245424078370704,-0.03663477694295514,0.021653894626042502
1996-02-29,0.006023911603366239,0.009998614422999999,0.016886634185029115,-0.03767114022168838,-0.010459121333384225
1996-03-31,0.009143214194845983,-0.019867852524,0.005936012425032944,0.0053054288922700366,-0.029573550425559203
1996-04-30,0.009375144486697407,0.073244693381,-0.018118185106928753,0.03851997618188241,-0.017264913998969234
1996-05-31,0.03822439795888988,0.024342534087,0.005758007135606258,0.009807078580329254,0.0012113539408125096
1996-06-30,0.03363687667364035,-0.079461064979,0.029695431472081202,-0.0174577985311708,0.022988805023841374
1996-07-31,-0.042319011439438836,-0.040912758041,-0.011387724919891373,-0.011953193832445752,0.010606498287128563
1996-08-31,0.028873382011505022,-0.032203797138,0.0009399621023236104,-0.018852426697652525,0.030260879894749904
1996-09-30,0.06534443851230076,-0.027315619485,0.02251299641057458,0.019616172526743192,0.0006441587910459567
1996-10-31,0.030045183531042463,0.029742149575,-0.01103545719192689,0.015377937851435597,0.02995711233505971
1996-11-30,0.07641498407013891,-0.081566877313,0.0007242003621004134,0.005845332141994897,0.030509827867696515
1996-12-31,0.0020755783949677475,-0.067890403586,0.015239047011881501,0.0023921791408603177,0.019974633740656556
1997-01-31,0.08676166590895651,-0.030408340557,-0.005018790156382624,0.020173621465917613,0.007632194369933565
1997-02-28,0.006732292341300683,0.042562723946999996,-0.03632405737771505,0.018904105115279624,0.01598428793845086
1997-03-31,-0.00594373564844819,-0.059303824628999996,0.006675544916640241,-0.00838185261067037,0.022321515702440786
1997-04-30,0.054835848651941355,0.057255976656999996,0.010516268399283213,0.005982314159159952,-0.013123946609785664
1997-05-31,0.060288286079809295,0.027077632203999998,-0.02276907780263493,0.015436964231417605,0.018132546949499062
1997-06-30,0.040417317621786575,0.07306128178599999,-0.003917179630665846,0.028555591304170624,0.017590503611096153
1997-07-31,0.0820824834892131,-0.016858337712,-0.005345590738849215,0.001486737603557442,0.02759419901376159
1997-08-31,-0.04233351254390405,-0.015685232009000002,-0.0318950467257727,-0.02032369049490912,0.013878035254163645
1997-09-30,0.0686487845092818,-0.086428089018,0.013259668508287303,0.03516228766838814,0.025297528883620135
1997-10-31,0.02235796075764851,-0.136585365903,0.049334787350054476,0.009374999999999911,0.0774152581396419
1997-11-30,0.2611125379675152,-0.154083204959,0.2153932490854673,-0.039726200824326874,0.22525652241890537
1997-12-31,0.4740649390680727,-0.21007893127900001,0.3681744335185977,-0.15155785056075943,0.46405265896673464
1998-01-31,-0.08851629374941072,0.217627465833,-0.15200239988000608,-0.04777528976768697,-0.07566359101385711
1998-02-28,0.1469859837315035,0.10512583130799999,0.07002617801047117,0.08097035511988482,0.07253007354192476
1998-03-31,-0.10904565514140374,-0.004188880337,-0.12938259360277715,0.015237689065142446,-0.15348609773878918
1998-04-30,-0.0249036971389216,-0.150630975226,-0.03463203463203457,0.012666666666666604,-0.02935655069080556
1998-05-31,0.03470388993423357,-0.19787492704800003,0.09925130464427157,0.012666666666666604,0.05721750433262285
1998-06-30,0.016350956715760034,-0.120846429929,-0.056247055245093214,0.06141614949139185,-0.007669843244341168
1998-07-31,-0.11408946109813145,0.04638319592,-0.12800808897876648,0.12718567876837872,-0.09781563667775517
1998-08-31,-0.07253835968169953,-0.04573049841099999,0.09409786641929507,0.04214304647744793,0.09933175516772907
1998-09-30,0.10951776519971879,-0.002078004867,0.005756186741561198,0.0005095992775998592,0.09076741234192354
1998-10-31,0.02573441262006071,0.149415345227,-0.0342867680473139,0.140070433213614,-0.026722139614862472
1998-11-30,0.001295448271171784,0.196159313192,-0.030505145569490688,0.07793607979264294,-0.07470674042949288
1998-12-31,0.023268851486244913,0.222639047519,-0.04136242772126786,0.08546490663513961,-0.015190274179477714
1999-01-31,0.016115062944074277,0.13893123944799998,-0.03350504116585229,0.010488269378180481,-0.02648853794796413
1999-02-28,0.00870841826098867,-0.108179110542,0.022647898445092407,-0.06201141712634606,0.022612130748624226
1999-03-31,0.04290133187748868,0.09981800106,0.002858309514087276,0.029330744573309087,-0.010748121028513302
1999-04-30,0.005538168697804213,0.230223314269,-0.03175895765472314,0.07352000286166316,-0.023797407161648576
1999-05-31,-0.026271637606401277,0.0336837143,-0.011507760532150746,-0.05266057258058898,-0.02542405364368505
1999-06-30,0.03010660393455389,0.12877476824200002,-0.04201882818488467,0.00409632378975977,-0.04586224280041451
1999-07-31,0.0076134909085001645,0.15450439730999999,-0.02787590076905999,-0.0052083450147715205,0.053881515587024253
1999-08-31,-0.02397316379122505,-0.039427630135,-0.028911960132890435,-0.04716463348893174,-0.025345534164384675
1999-09-30,0.0022508319792380327,-0.006644518404,0.04089155740298844,-0.028175916392154554,0.0371223139622916
1999-10-31,0.04841240065848207,-0.106052432907,0.005751848808545512,0.03831218931903302,-0.02296992446131263
1999-11-30,-0.014202699360918891,0.146632874746,0.1367647058823529,-0.03038065361588449,-0.023087999394351466
1999-12-31,0.03841111946958575,0.036206715274999995,-0.06925398878827083,-0.0010523155733592748,-0.033330521159933624
2000-01-31,-0.0598245204862577,-0.0841409174120709,-0.0239448751076657,0.0,-0.0325193466810973
2000-02-29,-0.0088217288032984,-0.1336076874157405,0.0365337098482174,0.0,0.0223240228845635
2000-03-31,0.0718891751092143,0.0471067238209417,-0.0575515068959644,0.0,0.0011694202601424
2000-04-30,-0.0311926425883602,-0.1556974903719765,-0.0061427280939476,0.0,0.0294841297847165
2000-05-31,0.0020116203852234,0.0167744632677815,-0.0101799672786766,0.0,-0.0102949035908883
2000-06-30,0.0062819316993751,0.126051355517371,0.0584022038567491,0.0,0.0169988901491802
2000-07-31,-0.0141575481182114,-0.144402966455869,-0.0395627277459654,0.0,0.0103772159183561
2000-08-31,0.0576150704936293,-0.0314493296763471,0.0009033423667572,0.0,0.0141278404235143
2000-09-30,-0.0493221458269852,-0.1175178883909692,-0.0168881850363195,0.0,0.0130146053527855
2000-10-31,0.0164723877784878,-0.1619746274938514,-0.0317982895210157,0.0,0.030799285054567
2000-11-30,-0.0112840033865575,-0.0081250071525573,0.0196300956090744,0.03354116311906,0.0752024275787175
2000-12-31,0.0356439343585677,-0.0020479059397083,0.0070344089357636,0.0544810118441785,0.084560355721873
2001-01-31,0.0370394182754723,0.2309393091586096,-0.0235293893253102,0.044249622931344,0.0033770934066386
2001-02-28,-0.0976882363831906,-0.0748910453434328,0.0045180032450204,0.0230609114406015,0.006388237154159
2001-03-31,0.0020385294716032,-0.0967562487745271,-0.0333582994890936,-0.0365849230740926,0.0835015191798309
2001-04-30,0.0748467166008146,0.1118783437142738,0.0236526027447834,-0.0450347108124304,-0.0248938186809543
2001-05-31,-0.0335005081517623,0.0502415395855548,0.0049241961854877,0.0175272647037667,-0.042483952735155
2001-06-30,-0.0078385761025676,-0.0379813316958894,0.0199774540309547,0.0373868335140588,0.0295462396705448
2001-07-31,-0.0101955805500415,-0.0849725935877646,-0.0162601396793804,0.0281496218535595,0.0074827799425711
2001-08-31,-0.0730494115323555,0.0065690473269612,0.0308038366394804,0.0453275899128444,0.0104891648374063
2001-09-30,-0.0687563502806037,-0.1262236510331594,0.0655976690975816,0.0126154863090182,0.0374318214832998
2001-10-31,0.0083541300836464,0.1278221458750339,-0.044117627105872,-0.0202390405297999,0.0119849470736752
2001-11-30,0.0588459067909723,0.204545391910178,-0.0200358000125783,-0.0188427848146777,-0.0202336466690602
2001-12-31,0.0376338078775952,0.0867175127734922,0.0175247112723957,-0.003500550722738,0.0005755762184287
2002-01-31,-0.0091208068952141,0.0692192314426844,0.0121994752334588,-0.0005250763345133,0.008822368410954
2002-02-28,-0.0109120837975309,0.1035595774173527,0.0517547174322221,0.0130228683176425,0.0216305256069417
2002-03-31,0.0349098612388629,0.0898459690561221,0.0198853847446676,-0.0061548216418164,-0.0228228424878674
2002-04-30,-0.0808156393279424,-0.048730303350303,0.0208195230201468,-0.0031389243433662,-0.0144924911421893
2002-05-31,-0.0633193502211496,-0.0525424980727513,0.0569763886412169,0.0209457757830096,-0.0499922359072589
2002-06-30,-0.0846694249208134,-0.070535718205294,-0.0398162327718223,0.0296154810222568,0.0102975275194474
2002-07-31,-0.0956388700802166,-0.0376774328883654,-0.0328548254959131,0.0215973969044456,0.0075609213049736
2002-08-31,0.0228865330964533,0.0265084216123745,0.0303429463029545,0.027520622477321,0.0519051914457051
2002-09-30,-0.0856373364864058,-0.1207995671153404,0.0368117804887364,0.0111072115534387,0.0578671885681918
2002-10-31,0.0790226376724736,0.0212608537439398,-0.0182154801101044,0.0088338592257495,-0.0055207920270777
2002-11-30,0.0397358782715375,0.1077016214437587,-0.0037736232925511,0.0283664067077789,-0.0262406537066007
2002-12-31,-0.0663292446288482,-0.1323193905634877,0.0972222837668634,0.0070888678678202,-0.0053885642214996
2003-01-31,-0.0421083362187891,-0.058219623963615,0.0595511545626632,0.0307795355991309,-0.016258868608968
2003-02-28,0.0108245324809257,-0.0315076137745359,-0.0491446543194348,0.0261959997976131,0.040719870178085
2003-03-31,0.0510839737623003,-0.0658887511722928,-0.0408338601144678,0.000430939079014,0.0600372085562719
2003-04-30,0.0529919424011766,0.1234385528255666,0.0095266813491441,0.017565365269808,-0.037999978541089
2003-05-31,0.0500633085684101,0.0533682406006754,0.0749041387180944,0.0318895909543954,0.0311697348484072
2003-06-30,-0.0010418726603454,0.0613436299054837,-0.0507544581618655,0.0214936619707604,0.0114069126367839
2003-07-31,0.005258575279305,0.0707850162156988,0.0231213872832369,-0.034567131155994,-0.0623279449781156
2003-08-31,0.0154414189215856,0.0663242997975359,0.0612994695113877,-0.0197441074329653,-0.0391940013178903
2003-09-30,-0.0317825674687705,-0.0823854246115098,0.0258184226092277,0.0429949754414453,-0.0032565623122565
2003-10-31,0.0844858267840067,0.1327749747007411,-0.0023352203184676,-0.0038676541614683,0.0313892159614783
2003-11-30,0.0263751617904499,0.0213919372704938,0.031989565131258,-0.0327445353208811,0.0180986349778533
2003-12-31,0.0414887234310419,0.0154425100347044,0.0476311113797807,-0.0016525377880306,-0.0024480193065198
2004-01-31,0.004370537360949,0.0539872669385286,-0.0324753418416465,0.0052892164765487,-0.0020029339896366
2004-02-29,0.0178871835698086,0.0453602561726267,-0.014420731314054,0.0037528077764961,0.013457257682957
2004-03-31,-0.0402786151497835,0.0005176431067641,0.0779515498795733,0.0176145105277552,-0.0040458763760705
2004-04-30,0.004093662386593,-0.0308674058237183,-0.094313103075712,0.0051536663060967,-0.0160599291113354
2004-05-31,0.0096695601403342,-0.0734875624919693,0.0180878552971577,0.0113374002499897,-0.032740327336018
2004-06-30,0.0106336993347055,-0.0219896382653039,-0.0035532840012293,0.0159863514545508,-0.0046057665590668
2004-07-31,-0.0204983139324048,-0.0646048299424039,-0.004075410286911,0.014365623257408,0.0346807309634971
2004-08-31,-0.0129863444427329,0.079983237273858,0.0496163526764306,0.0483252557484279,0.0057805982713416
2004-09-30,0.0100371759078534,0.0466517939569619,0.02022421645708,0.0190377699098542,0.0157536628749808
2004-10-31,-0.0152511222040164,0.0027857314101791,0.0234057499576165,0.01079042381003,-0.0220585949607331
2004-11-30,-0.022629932497958,0.0500972661276848,0.0532088396568699,0.0107473664171666,-0.0679111057864342
2004-12-31,0.0174407753471805,0.0163139193053618,-0.0305783030494993,0.01235872022937,-0.0120549440287565
2005-01-31,-0.0302124173748596,0.0504121263218546,-0.0358857421874999,-0.0424624848902941,-0.0036708282111845
2005-02-28,-0.0049452713204405,0.0808690627982497,0.034850670062718,-0.0323757951159564,-0.0179406668045603
2005-03-31,-0.0040211741999663,-0.0463890488428159,-0.0178693878418527,0.0127345863235897,-0.0086598874374596
2005-04-30,-0.0365168636412737,-0.0577015308437139,0.0146955624296234,0.0103029444468305,-0.0018030313075305
2005-05-31,0.0405075765877556,0.0617451470809422,-0.0429885338092672,0.0255418788076831,0.0280415945303316
2005-06-30,0.0309129774067868,0.0367670335832708,0.0470814477017542,0.000484485702286,0.0446864830412836
2005-07-31,0.0302321438043244,0.1073168155331014,-0.0137646251067047,-0.0299748237335419,-0.0189020984748313
2005-08-31,0.0026889074704881,-0.0225370556884021,0.0090718631120134,-0.010678899677066,0.0091651397001397
2005-09-30,0.0113233387192173,0.1246342149353367,0.0811434144710729,-0.00118441661607,0.0117083116353635
2005-10-31,-0.0226201202707516,-0.0552840783570521,-0.0083155520180903,-0.0118020430684099,-0.0162555005463225
2005-11-30,0.0378497192135018,0.1149556640105602,0.0634272191203417,-0.0196932699352155,-0.008486823266105
2005-12-31,-0.0282752031665253,0.0691774386179684,0.0454912438430354,0.010795870080221,-0.0172812518413481
2006-01-31,-0.0277947336994742,0.0181480096580235,0.1038484137350472,0.0061837151957691,-0.0432540006865871
2006-02-28,0.0183114602224423,-0.0177137949424778,-0.0161177512329733,0.027727452573024,0.0041615640058967
2006-03-31,0.0170272109722584,-0.0069878289980285,0.0359686842684703,-0.0062990306716821,-0.0075288106151376
2006-04-30,-0.0171820445669682,0.0447761142331737,0.1203162624075357,0.0022272333189206,-0.0460599154240082
2006-05-31,-0.0275491049416211,-0.0711027222308696,-0.0142681619624741,0.0238453046049296,-0.0025087236862582
2006-06-30,0.0060020686242976,-0.0208174824451645,-0.0451361867704279,0.0004816684695163,0.0076579172396769
2006-07-31,0.0112566051334015,0.0063302333706305,0.0337408511932049,0.0113374002499897,0.0125973467389726
2006-08-31,0.0284559691908972,0.0411252042043666,-0.0130873346471321,0.0214967737340006,0.0273306930326917
2006-09-30,0.010866711694492,0.0148768842569029,-0.0436172675559199,0.0080342818294816,0.0007309105949759
2006-10-31,0.0273728107631368,-0.0067958814553653,0.0091881059544252,0.0119474518620719,-0.0008856993373345
2006-11-30,0.0055973751462146,0.0459172729254164,0.0708492808439724,-0.0054017133636173,5.904887331475983e-05
2006-12-31,0.0144619639093643,0.0023247873062983,-0.0180862757234067,0.0009664586811433,0.0081009291532481
2007-01-31,0.0270465226748393,-0.0507038887072203,0.0264483429945103,-0.0028768880356195,-0.0002809289008417
2007-02-28,-0.0182634998535142,0.044962771615256,0.0266871540092983,0.0065372702909101,0.0085174844420883
2007-03-31,0.0103007878625931,0.0240175176231935,-0.0095608368399218,0.0096467007335454,0.0153730927500297
2007-04-30,0.0330880386653618,0.0583688517696534,0.0263951734539968,-0.0059828680959442,-0.0171454563330138
2007-05-31,0.0299225728746697,0.090153581573193,-0.0286554004408523,-0.007346296326594,-0.004687737273759
2007-06-30,-0.0197209309726923,0.0224532255896205,-0.0195159219577344,-0.0154639399760836,-0.0282500036061279
2007-07-31,-0.0350900644939857,0.1039718495299015,0.0290079455891478,0.0015240603890993,0.0080955669523679
2007-08-31,0.0338826415879702,-0.0247217107230461,0.0091467616773548,0.0122421647654871,0.0517073560638015
2007-09-30,0.0115868046939757,0.0374349429857405,0.1037146921143665,-0.0030898490272516,-0.0106776186799988
2007-10-31,0.0020286862941785,0.0534790317261215,0.0662358818195674,0.0015630704003897,-0.0084477194695586
2007-11-30,-0.0198952330998073,-0.0710775240427574,-0.012373721960819,0.0008460139891592,0.0548944501631791
2007-12-31,0.0047375372995857,-0.0026456094413621,0.067374087681659,-0.0110771293430002,0.0238281377303526
2008-01-31,-0.0528305661868734,-0.1388485904040072,0.1051622771895202,0.0245900423974656,0.0416130543882158
2008-02-29,-0.0264622928680565,0.0437021785837168,0.0535384878350062,0.0261722890681557,0.0024786870185853
2008-03-31,0.0392019842008026,0.0036891296769752,-0.0575043357502527,-0.0017309370419339,0.0720386451821772
2008-04-30,0.0650423603646175,0.0797151692628459,-0.0582842432903131,0.0191581511707479,0.0052127403863271
2008-05-31,0.0388530533580859,0.0104681136760305,0.0283959206613697,-0.0208166326873964,0.0096903818520577
2008-06-30,-0.0672706426141377,-0.1008169871327144,0.04384089366531,-0.0245758158908607,0.0028651813747304
2008-07-31,-0.0424041813277473,-0.0440240210152796,-0.0132800557448269,-0.0054914710192854,-0.0233137829396837
2008-08-31,0.0932565709296686,-0.0742699821965838,-0.0925703406949072,0.0139887368034021,0.0908354190051521
2008-09-30,0.0033963069904336,-0.0123836341740982,0.0541420777462637,-0.0010287418690699,0.1296909157625081
2008-10-31,-0.1159130230324778,-0.2096238138502908,-0.1800503571450264,0.0399653017188508,0.0517941410051066
2008-11-30,0.0691329635175697,-0.0463728565280719,0.1386719114213657,-0.0104565441414602,0.1796799226415435
2008-12-31,-0.1319049177548875,0.0404521704341389,0.08257775345611,0.0722218257886286,-0.0534929232911365
2009-01-31,0.0037095664116717,0.0340279844198752,0.0494567829498326,0.0401142424572498,0.0860947398485501
2009-02-28,-0.0086214980869372,-0.0876230380386794,0.0153132884653952,-0.0595136554893762,0.0794704902453211
2009-03-31,-0.0301231652371414,0.1371766942703343,-0.0200743753734068,0.0254418861239411,-0.0986920631008965
2009-04-30,0.0230016504452565,0.1209477495544864,-0.0345761589237488,0.0096237322308521,-0.0760760406882955
2009-05-31,0.0352450297436313,0.0163841538429958,0.0989109401353189,-0.0075809749341325,-0.0493365438935105
2009-06-30,0.0189482889359418,0.0022233161023006,-0.0528197924517819,-0.0119610620244818,-0.0139230805542549
2009-07-31,0.0313177007917486,0.1353988332482003,0.0286916592833283,0.0105663115296823,-0.0244826952584887
2009-08-31,0.0588289056870874,0.0205686242614617,-0.002097095495859,-0.0155343735762271,0.0215840142927681
2009-09-30,-0.0251107679754978,0.063339597053466,0.0591572838823515,0.0091272289303407,-0.0406192862479753
2009-10-31,-0.0133820060765184,-0.0577619528717376,0.0314483642578125,-0.0008586778114072,0.0096548316348343
2009-11-30,0.0457993781474457,-0.0100572407250882,0.1360007993216567,0.0091334108771508,-0.0129362910899986
2009-12-31,0.018444477227963,0.0921621772985485,-0.0727288342982548,0.010636995375878,-0.0136479967098299
2010-01-31,-0.0404411883121419,-0.0527128613616336,-0.0111394738091623,0.0013580942788153,-0.0128221175630915
2010-02-28,0.0314613106168149,-0.0095863256374668,0.0325946895919897,0.0083009664272386,0.0066886439945594
2010-03-31,0.0354330968708171,0.0661003196457792,-0.004471071967885,0.034148298709931,-0.0242187739794129
2010-04-30,-0.0053564888229331,0.029782953414535,0.0600017280409959,0.0048827816691903,-0.0271441733238265
2010-05-31,-0.0075886744238775,-0.0610019077357372,0.0272010645284517,0.0009664586811433,0.1205099402282103
2010-06-30,-0.0308232233923921,0.030393873699382,0.0274707557906868,0.0056890826487074,0.0440854723383861
2010-07-31,0.0343054428475724,0.0391607751380098,-0.051224447071959,0.005673896671714,-0.0134568820391702
2010-08-31,-0.0320529920878278,-0.0091202799651605,0.0563595670713226,0.0222931597700313,0.0434533538304158
2010-09-30,0.0368958789929378,0.0677183583660192,0.047664822296416,0.036165309307875,-0.0420332331051355
2010-10-31,0.0235409313156162,0.0077996308739016,0.0376968381382065,0.0173918969121722,-0.0024204756563042
2010-11-30,0.0295373665480427,0.0317722800072464,0.0156250074875559,-0.0261360847138104,0.0120412614280438
2010-12-31,0.0423290542953544,0.0876429496101673,0.0365384197995473,0.005332757148857,-0.0645615334007437
2011-01-31,0.0128912000331011,0.0081666184020325,-0.057513932729606,-0.0144761736179722,-0.0157936998659387
2011-02-28,0.0389911079917557,-0.0599458446657716,0.0595472787490281,-0.001610234527691,-0.0089714246219797
2011-03-31,-0.0234206679269587,0.0869400424792901,0.0111472191802952,0.0239117842958318,-0.0066592127715571
2011-04-30,0.0019065854591482,0.042727665982313,0.0744143305722546,0.0061551780398583,-0.0276121203662685
2011-05-31,-0.0023298658395998,-0.0219216166580545,0.0017101439083706,0.0149937601227434,0.0368036397788198
2011-06-30,-0.0275401230470688,-0.0283662555284704,-0.0157916782553623,0.0116984911615545,0.0061945183420402
2011-07-31,-0.0313088054400584,0.0060885828867387,0.0685168962352031,0.0043419038841989,-0.009064053268311
2011-08-31,-0.0460993967603801,-0.1266821559221262,0.1420453979688818,0.0256420992514998,0.0747163241951258
2011-09-30,0.0329174683381092,-0.0499283326611543,-0.1151385924530836,0.0206779259624083,0.1441805958997433
2011-10-31,0.0444803615956974,0.0903976122004586,0.0526104571844379,-0.0059293367969508,-0.0710851207397231
2011-11-30,0.0210125856633436,-0.0345095072351767,0.0030522904122749,0.0102675066801085,0.0399589272848985
2011-12-31,0.0268011445578713,-0.004930227406778,-0.0962342940041327,0.0045094137029502,0.0206390185764193
2012-01-31,0.0167491949857085,0.0776216403141627,0.1165824566052866,0.0039214747588707,-0.0258311311184793
2012-02-29,0.0354342498585158,0.0371646747814817,0.0271391200627508,-0.0003460814867382,-0.0060105660181812
2012-03-31,0.0453764626154544,-0.0016622996346938,-0.0664220431428077,-0.0056881631195705,-0.0036573975871759
2012-04-30,-0.0078612046596019,-0.0054219028706272,0.0015723374769056,0.0108943228038704,0.0114002029679223
2012-05-31,-0.0185084769792934,-0.0775455200968847,-0.0572998759680917,0.0123025080821774,0.0697782838636131
2012-06-30,0.0063387380222628,0.0036732101565983,0.0041631842038427,0.0064654339826735,-0.0154449837237498
2012-07-31,0.0021651951429872,0.02035401188779,0.0356550925238363,0.0337615134120643,2.1985140832736505e-05
2012-08-31,0.0277098945933784,0.0,0.0208166343865106,0.0100453888861868,-0.0099197640490518
2012-09-30,0.0054535171874618,0.0492522964529458,0.0760784375907803,0.0039319928836796,-0.0216218567818696
2012-10-31,-0.0367879921310884,-0.0459899553351081,-0.0306122339492962,0.0044693766645138,-0.0202174249845362
2012-11-30,-0.002107687554019,0.0181277674347895,0.0045113081553975,-0.0011925431214649,0.0028363394989863
2012-12-31,-0.0083293179403168,0.0412830108952164,-0.0407934074003226,-0.0060998577257467,-0.0220559500984574
2013-01-31,0.0751356075494036,-0.0214202598045154,0.0128754875071201,0.0074596556906914,0.0066319233711928
2013-02-28,0.0094436326571303,0.039170422058399,-0.0296610063766631,0.0121332044050639,-0.0079888377498716
2013-03-31,0.0653405372649311,-0.0184776777511384,-0.0166732769240719,0.0118464231196053,0.0299171252881782
2013-04-30,0.00917065570068,-0.0289916243326211,-0.0851836807660965,0.0050840664894646,0.0098508995737045
2013-05-31,0.0494617991706189,0.0212973385008317,-0.0353044754066111,-0.0198625956296222,0.0109780455005794
2013-06-30,-0.0027643369383877,-0.0751863174657714,-0.1454711974894608,-0.0198390013416555,-0.0208894039208608
2013-07-31,0.0343647540611744,0.0262779860443724,0.0985010922639968,-0.0034297075063272,-0.0387135493458022
2013-08-31,-0.0414325290697239,0.0121086372888128,0.0575048223908154,0.0021813573172513,-0.0234172499133812
2013-09-30,-0.0019132983479815,0.0398807215493486,-0.0474654593798906,0.0126236999283497,-0.0361898131591656
2013-10-31,0.0341217205437296,0.0239690186891317,0.009192103375458,0.004537748974688,0.0070946733806178
2013-11-30,0.0266581369795919,0.008989290214254,-0.0805368824392538,-0.0163569642902866,-0.0093957264369833
2013-12-31,0.0234915771852997,-0.0103939780704884,-0.026068840257127,0.0105382407090517,-0.0156030081190795
2014-01-31,-0.0122913317744564,-0.0423853154968585,0.0369378570610481,-0.0014829196664557,0.02980929390035
2014-02-28,0.0316282512367216,0.0178220325000382,0.0650490223150206,0.0118806902823369,0.0019579943289942
2014-03-31,0.0070091307716912,0.0001924894630829,-0.0266601677062878,0.0027460881649525,0.0001103802345465
2014-04-30,-0.0231245734812891,-0.0092771397666402,-0.0024899830794931,0.0019356673924482,-0.026825189411876
2014-05-31,0.0107729022157097,0.0190084944311614,-0.0274588702459852,0.0169643900531561,0.0030802610040396
2014-06-30,0.0119420709747357,0.0,0.0487679639905538,0.0162642064353553,-0.0098842880536923
2014-07-31,0.0023128202256226,0.0384260468454069,-0.0166421594647838,0.010031167951507,0.0235194779107252
2014-08-31,0.0254051318748724,-0.0188960575586409,-0.0034843191958016,0.0039273355904763,-0.0009782455511133
2014-09-30,0.0257940135490215,-0.0326660827077964,-0.0554446037313931,0.0165473858623967,0.0321884566993282
2014-10-31,0.0415265826939941,-0.0251805987330021,-0.0227392094836387,0.0195073513713157,0.0405086534739658
2014-11-30,0.0648048920043422,0.0126149329135818,-0.0005411556578222,0.0064212830702974,0.0355621836091839
2014-12-31,-0.0215250056728689,-0.0243225517949385,-0.0037899281196343,0.0018510446992001,-0.0066222756092713
2015-01-31,-0.0177006390101809,0.0277665923592704,0.0663043063156436,0.0295891001773747,0.0444810732987768
2015-02-28,0.0527135701747032,0.0023664414354089,-0.0397553660610376,-0.0070556905242818,-0.0107457878706508
2015-03-31,-0.0093920161825079,0.0200668783403599,-0.0265392988135056,0.0188907706800451,0.0026375399445228
2015-04-30,-0.0183997418198564,0.0402257861046411,0.0147219910209104,-0.016797046584364,-0.0175090492164325
2015-05-31,0.0460147180528771,-0.0225140368411511,-0.0059108133965639,0.0068335695849712,0.0104222840866583
2015-06-30,-0.015598643981124,-0.0343572108291339,-0.0135135235498357,-0.006529377180391,-0.0075929981909007
2015-07-31,0.0613571531258769,-0.0335940566939435,-0.082191735149293,0.0055345996573918,0.0436389685088223
2015-08-31,-0.0424558911609763,-0.0471095376328568,0.0465670609879711,0.0123413286794671,0.0353494772756002
2015-09-30,-0.0238017763989751,0.020725203270399,-0.0028521883852905,0.0195396128271316,0.0035704397596136
2015-10-31,0.0446475263690704,0.0607024043287178,0.0188787593913197,-0.0024579922750422,-0.026846830874717
2015-11-30,0.0114785643198263,-0.0233300969195013,-0.0847838641170241,-0.0095644151415248,-0.0075195740572991
2015-12-31,-0.0002935929704415,-0.0059206882363646,0.0122699597050355,0.0148371114443575,0.0210170820430173
2016-01-31,-0.0166466056755012,-0.0336827015331095,0.0436362948566322,0.0086157627766738,0.0507514649033387
2016-02-29,0.0223362682381838,0.0172159701617169,0.1027874864315365,0.0186071302122152,0.0539015652502485
2016-03-31,-0.0182728637069675,0.0428327339312846,-0.0005266222808667,0.0007057207650547,-0.0879635404030643
2016-04-30,0.008551293314202,-0.0022092809601447,0.0347735225580834,0.0012860822170421,0.013495748491253
2016-05-31,0.0569248234241486,-0.0061350122951225,-0.0504073396593232,0.0009116619090121,0.0408126924018217
2016-06-30,-0.0259285272231825,0.0041152553388499,0.0857908198221655,0.0300119770454883,-0.0126754294759164
2016-07-31,-0.0005818592912841,0.0297115686798983,0.0162963321960298,0.0080378380310788,-0.0219389830676149
2016-08-31,0.003977758900729,0.0187143139112024,-0.023323579012384,-0.0080137095532826,-0.0015208373110005
2016-09-30,-0.0160723246581711,0.0031269883440929,0.0124377220376588,0.0074353828474267,-0.0211816570688083
2016-10-31,0.0250758551574341,-0.0052601237836392,-0.03783782532502,-0.0224208386660995,0.032193050960541
2016-11-30,0.0644481913065397,-0.0047006799483815,-0.0730336684425591,-0.0340352077399713,-0.0068180400164531
2016-12-31,0.0444452454726576,0.0360096729417278,-0.0325068590480496,0.007019219012075,-0.0060255521289817
2017-01-31,-0.0263142860078383,0.0347575051479354,0.0444190361133882,-0.0066286699819089,-0.0363786478784982
2017-02-28,0.0191819773288139,0.0045888851678095,0.0370774603532708,0.0018820131218313,-0.0164973109880608
2017-03-31,-0.009115908508828,0.0429380116552597,-0.0126182773228484,0.0005124274355108,-0.0135872922475791
2017-04-30,0.0275583099297622,0.0238932178965838,0.0244941484929206,0.0001278827801398,0.0358393034986332
2017-05-31,-0.0014155344748376,0.0640113632508219,-0.0057172681247968,0.0011520654270489,-0.0134250418502657
2017-06-30,0.0281010949966709,0.0241947243695959,-0.0162048931521151,0.0008524115007815,0.0335894876949229
2017-07-31,0.0010220286629185,0.0074396678157373,0.0164718171896953,0.0001703845417022,-0.0286705985375061
2017-08-31,0.0033645766517411,-0.0206611120082402,0.0266597456729766,-0.0003407110315117,0.0122051683090893
2017-09-30,0.0385191394568433,0.0288867120473799,-0.0178207665523055,-0.008602999310596,0.0207908712375002
2017-10-31,-0.0005253143098064,0.0537981593779444,-0.0057024486278998,-0.0124151755037024,-0.0355889316991073
2017-11-30,0.002032582816466,-0.0251688451292571,0.0031282280831128,0.0086998366160748,-0.0249129057573883
2017-12-31,-0.0040789239252311,0.0075305084321046,0.006756725048596,0.0005174160712217,-0.0184363606526184
2018-01-31,0.057259903964469,0.0282185308334645,0.036138345730567,-0.0213352962887913,-0.0129356630527678
2018-02-28,-0.0239217058195658,-0.0597835165121476,-0.0209267493358252,0.0057693895991854,-0.0094294371638096
2018-03-31,-0.046401681609512,0.0085202241668296,0.0122137220052467,0.0115164126258811,-0.0154929998096637
2018-04-30,0.0128231037833355,0.0252574157814042,-0.0180994711542731,-0.0041990835498745,0.007388607349902
2018-05-31,0.0355002408728553,-0.0384294068504594,-0.0122887671845806,0.0035213237239066,0.0037878464432787
2018-06-30,0.0346362673078131,-0.0320011584129742,-0.0409539029853145,0.0121296460740747,0.0374845688535454
2018-07-31,0.0379425997861018,-0.0073298429319371,-0.0259459058006572,0.0028247907354175,0.0050182654549102
2018-08-31,0.0353969240915317,0.0073839662447257,-0.0160932541046255,0.0200170729685553,0.0057864786939265
2018-09-30,-0.000126868491895,0.0041884816753927,-0.0203045921302186,-0.0006275944695548,-0.0154229474109099
2018-10-31,-0.0430836680913599,-0.1215551914196335,0.0299366451656937,0.0103415992066104,0.0267812605057851
2018-11-30,-0.0012454253970058,0.0274715957266407,0.0027949035196539,0.0137168080990324,-0.0098425841371053
2018-12-31,-0.0927443623426685,-0.0184848984981019,0.0423633858542102,0.0127950889690195,0.0134194938156202
2019-01-31,0.0790659724196511,0.0904657810660838,0.0294118295362952,-0.0043669578621429,0.0029426961114022
2019-02-28,0.0443296543364502,-0.0067848882035466,-0.0051948904742565,0.0045928128707455,0.0136919057295927
2019-03-31,0.0286463418983682,-0.023133053873622,-0.0234986723048228,0.0157750296682832,0.0270139391509458
2019-04-30,0.0672333208548883,0.0300381436745074,-0.0053475767438193,-0.0001216396583348,0.0258337108978723
2019-05-31,-0.0433605302477082,-0.0734454559481561,0.0053763270654014,0.0144369681997906,0.0402931090878375
2019-06-30,0.0373146913021154,0.0534554537885094,0.0930481712257398,0.0069157610918895,-0.0171655535230199
2019-07-31,0.0398780867168511,-0.0382548213721151,0.0088062725666435,0.0177465427569973,0.0214957822378067
2019-08-31,0.0070162975872933,-0.0304076265614726,0.0674102274993444,0.0107665867993123,0.0583077816699306
2019-09-30,0.006438146745928,0.0603492117308017,-0.0286233431756628,-0.0131990488518005,-0.0248550126969325
2019-10-31,-0.0007588075838069,0.0086330935251799,0.0037418396855157,-0.0213930243482,-0.0305862865566722
2019-11-30,0.0470378586108575,0.0028530670470756,-0.0279589959482353,0.0106305486645907,0.014460991435397
2019-12-31,0.0065200515298713,0.0771297613402877,0.0364333246954291,-0.004081856106443,-0.0259179283968926
2020-01-31,0.0306016183579136,-0.031107850330154,0.0370028405480056,0.0122327693431549,0.0514412860308453
2020-02-29,-0.0609084198377006,-0.0590640617900953,0.036128454782613,0.018388446221252,0.0447068871297795
2020-03-31,-0.1219898129665567,-0.1131498470948012,-0.0060266872248527,-0.0164399722594913,0.0419862639302071
2020-04-30,0.1131426691464119,0.0903811252268602,0.0537028315921011,0.00525091700291,0.0061991579285782
2020-05-31,0.0760648820493603,0.0372836218375498,-0.00205502925107,0.0138362958594089,0.017712755863954
2020-06-30,-0.0119842635201933,0.0474967907573813,0.0321252167850676,0.001494427145698,-0.0283768818332502
2020-07-31,0.0519949095852116,0.0670955882352941,0.0973663386452907,0.0093073512243897,-0.0046728668409489
2020-08-31,0.06513242636492,0.0292850990525408,-0.0109091272455528,-0.0171199361653879,-0.0125195824829962
2020-09-30,-0.0575094819410841,0.0086471408647141,-0.0444853188438887,0.0083527560429106,-0.0087163184288886
2020-10-31,-0.0650891754968536,-0.0273783185840708,-0.009619091731114,-0.007969491649133,-0.0399680529802197
2020-11-30,0.0847732830494698,0.1509809496730167,-0.0532245461441036,-0.0084689145586466,-0.0258117651096039
2020-12-31,0.0214037683235226,0.1382164031620554,0.0607304082862649,-0.0039297934971409,-0.0200855343861081
2021-01-31,0.0306751508608169,0.0436245252306022,-0.0235976273365791,-0.000448970263483,0.0244221959272232
2021-02-28,0.0270015049005003,0.0140376416761984,-0.0471474440130323,-0.0144158253302614,-0.0234142054785455
2021-03-31,0.0442803249665098,0.0123051681706316,-0.0453222416572484,-0.0038949153628009,-0.0061028657332751
2021-04-30,0.0397528807672682,0.0177269043760128,0.0500871641623639,-0.0042013229725665,-0.0127193298073688
2021-05-31,0.0034069880635221,0.0125410570319497,0.076731604647946,-0.0036342357190767,0.0057752315454586
2021-06-30,0.0365025849807143,0.0286051312297257,-0.0801232704084861,0.0095590115110602,0.0176677869366179
2021-07-31,0.0425666571134293,-0.0340214067278287,0.0389447568678489,0.0169849618634108,0.0403646627467562
2021-08-31,0.0433242161614324,-0.0085081123862287,-0.007255147570912,-0.0014291962566457,0.0050062250308959
2021-09-30,-0.0105701269470712,-0.0450009978048293,-0.0499390912830645,-0.0249448461775392,0.0053964491950866
2021-10-31,0.0278470263849583,-0.0307177933340299,0.0380342093987771,-0.0278476522223219,-0.020644149920695
2021-11-30,0.0252882742487556,-0.037512126765118,-0.0024702090477739,0.0329595002351417,0.0274030508656601
2021-12-31,0.0409867253416642,0.0642849143241124,0.0016508570580073,-0.0017959710700518,-0.0028723385750069
2022-01-31,-0.0773425306901258,-0.0887088287909081,-0.0012360819469601,-0.0251453260887338,-0.0127572527966786
2022-02-28,-0.0159091036272619,0.0117782909930714,0.0622937178815299,-0.0040343299946549,-0.007919969790042
2022-03-31,0.0842957143349067,0.0124400821730199,0.0097087452646542,-0.0227527365491999,-0.0252100854195095
2022-04-30,-0.0393749715474024,-0.0280689888400406,-0.0076922833022629,-0.0191374182588293,0.0060344718198159
2022-05-31,-0.0404002093658539,-0.0034794711203897,-0.0352713040292237,-0.0042258533339618,-0.0145672282350725
2022-06-30,-0.0459638248194492,-0.1304702048417132,-0.0208919835886666,-0.0245598654301426,0.0347825812419688
2022-07-31,0.0825911529380272,0.0540757596038012,-0.0299548406899808,0.0454039905289882,0.0315126480047947
2022-08-31,0.0086012020429835,-0.0006349206349206,-0.0274957241872219,-0.046973867058868,-0.0048880317368321
2022-09-30,-0.0263253169281891,-0.1287166454891994,-0.034362800957213,-0.0266654368237502,0.0241506654091667
2022-10-31,0.0613577105876728,0.0644596762432549,-0.0175675735415689,-0.0083046935158553,-0.0143884739720975
2022-11-30,-0.0568549966962863,0.0743937525688449,0.0651077758906566,0.0508229851229788,-0.0592052286741114
2022-12-31,-0.0816482179103785,-0.0804641673042591,0.0275505943121714,-0.0059125075144942,-0.0431033943110923
2023-01-31,0.0332111898565548,0.0912494799611705,0.0552994929401053,0.0361950357708451,-0.0072072189943982
2023-02-28,0.0661557238940562,-0.0094039903418478,-0.0559745947938183,-0.032233445103581,0.0444646162646609
2023-03-31,0.0015133682529158,0.0261706221937139,0.0887300163802022,0.0386027077671309,0.0104257338782598
2023-04-30,0.0491670655224172,0.0116264533066632,-0.0007724662666733,0.0017890642329629,0.0339638045556367
2023-05-31,0.0054228948677796,0.0411517548195747,-0.0162350149252304,-0.0102241396817824,-0.0199583723534716
2023-06-30,0.0456669623854582,0.0020178041543026,-0.0330058808181641,-0.0117280591031284,-0.0224862589061797
2023-07-31,-0.000687615518049,0.0148069177919925,0.0199105972780397,0.0016431561388996,-0.036892349428317
2023-08-31,0.0292497610609694,-0.0252130267304774,-0.0067729726711636,-0.0029619034438507,0.0315457725731955
2023-09-30,-0.0307588695881669,-0.0207160819063585,-0.0276774651572258,-0.0134827157521203,0.0004368405700825
2023-10-31,-0.0303712894059228,-0.0645634629493764,0.0482673435689211,-0.018207082377886,-0.0174671927718556
2023-11-30,0.0506961753832015,0.1079738562091503,0.0208579329280189,0.0509155148343409,-0.0080000348900853
2023-12-31,0.0509682880395934,0.0655969797074091,0.0177332344408094,0.0417906973752986,0.0291218794783159
2024-01-31,0.061114087227996,-0.0613374667847652,-0.0291666552045044,-0.0094230516356782,0.0261210279478303
2024-02-29,0.0321299827659458,0.0574427931115828,-0.0031213627944398,-0.0077626741578685,-0.0186677873089921
2024-03-31,0.0607765039392067,0.0611266034578918,0.0888453560728277,0.007732979522443,0.0185905949667488
2024-04-30,-0.0136691314097218,-0.0244927993272363,0.0409777401488693,-0.0139113529976256,0.0016977539766978
2024-05-31,0.0270040712327375,-0.0178879310344827,0.0058701539036285,0.0089651640709624,0.0080508504527834
2024-06-30,0.0456682204593033,0.0710994075049373,-0.0096120803390197,0.0253033054772495,0.0105086035768222
2024-07-31,-0.0033028699627363,-0.008297480024585,0.0374350535192746,0.0177283098460192,0.0141431389207886
2024-08-31,-0.0053290835703966,-0.0447267844230967,0.0350818435351549,0.0005187282825023,-0.0123051681045947
2024-09-30,0.0013395156694668,-0.0467128027681661,0.0516461851672174,0.009245231775254,-0.0128738057007852
2024-10-31,0.0665716246187315,-0.0113430127041742,0.0448127957895205,-0.0068918218618262,0.0214556420964018
2024-11-30,0.0508305753975268,-0.0445158329508948,-0.0464159718479791,0.0308189698540213,0.0152388342608646
2024-12-31,0.0490898115618501,-0.0169308357348703,-0.0194084952280124,-0.0188636221633357,0.035699857914895
2025-01-31,0.006873853059536,0.0453157444729448,0.0725730771939314,0.0124878527030556,-0.0074422274531725
2025-02-28,-0.0295320387244074,0.0087637298434213,0.012302279455806,0.0146000994521677,0.0252564755621256
2025-03-31,-0.0489232815376621,0.0024325263523687,0.0850694085534782,-0.0028350436919114,0.0142417577835287
2025-04-30,-0.0330074906700196,0.0168708111855788,0.0520000171681134,0.020461799901561,-0.0299810275227909
2025-05-31,0.0342447627096027,0.0639772727272727,-0.0098859346615017,-0.0164633349315342,-0.0418622675469144
2025-06-30,0.0291574266267773,0.153262843105842,-0.0023042255055562,-0.000386284748113,-0.0077582713316199
2025-07-31,0.0649748019987455,0.0577884793480274,-0.0002565715870992,0.0034779061951362,0.0234567981998654
2025-08-31,0.0140143844653766,-0.0167221152162493,0.0359342786498109,0.0021393535249545,0.0156815202312909
2025-09-30,0.0358896265015717,0.1025732347965453,0.1238850333382388,-0.0083685036953375,0.0122723390819101
2025-10-31,0.0475269750885811,0.2221594120972301,0.032848381142547,-0.0062002484580618,0.0183808980253978
2025-11-30,0.0280066103474743,-0.0397119069644509,0.0433297166093267,-0.0205363657706558,0.0426508708629131
2025-12-31,-0.0084134803001417,0.0939929814904012,0.0376528552495663,-0.0009717889538034,-0.0266469282013323
2026-01-31,-0.0004072291198874,0.2696395999748411,0.176144244105409,-0.0150668620626488,-0.0106463878326996
2026-02-28,-0.0044579610014313,0.2177251560487467,0.0003369272237196,0.0174361835681406,0.0199846272098385
2026-03-31,-0.0089558468187154,-0.2004800455636467,-0.1266419669922532,-0.0305273740974316,0.0440844009042953
2026-04-30,0.0770963092188106,0.333791278685188,0.0001928268414963,0.0008013575940417,-0.0375315770479971
2026-05-31,0.0818042842638757,0.3461641170411627,-0.0154231733179102,-0.0067354340351373,0.0153730783652044
2026-06-30,0.0120141372582094,0.0282823702780061,-0.1153318973957313,0.002845220030349,0.0343426883308715
2026-07-31,-0.0708487533405695,-0.2135042028386385,0.0163789287295264,-0.0096935880461509,-0.091395930024991
2026-08-31,-0.0156338293463929,-0.0095661924451608,0.0840592334494774,9.549730220115292e-05,-0.0432220039292731
