,최신 K-올웨더 성장형,한국주식만 계절형,강환국 원본 계절형,강환국 정적,한국주식만 계절형(최소매매),5~10월 미국30년채100%
1990-01-31,9918912.674154151,9956579.146390958,9910037.95423492,9963697.357428022,9956579.146390958,9918912.674154151
1990-02-28,9976863.73299345,10019279.818931935,9978087.723337527,10063688.440243423,10019279.818931935,9976863.73299345
1990-03-31,10204770.857168974,10146948.954593053,10117567.919141479,10223958.619472843,10146948.954593053,10204770.857168974
1990-04-30,10112910.568373425,9901506.542961406,9860327.855891218,10027777.776349453,9901506.542961406,10112910.568373425
1990-05-31,10288755.577393595,10014046.982097728,9894126.814609008,10124039.745435055,10010105.987785388,10295112.5758083
1990-06-30,10316111.487338565,10078897.874964051,9975622.616587749,10169678.311802614,10070128.59512938,10729418.978592895
1990-07-31,10476428.214434795,10091453.6040276,10002789.485727409,10131769.081619423,10084612.090291027,10742265.984589234
1990-08-31,10392169.897508632,9879160.741126273,9867397.310890188,9882602.132629957,9875975.697224384,10398312.23396475
1990-09-30,10358562.597784285,9656680.838500416,9667756.42771378,9645689.356883224,9657879.489775095,10278802.399764286
1990-10-31,10443741.22031714,9736909.980243042,9749078.606977135,9776756.45213992,9736104.068681743,10550515.245661147
1990-11-30,10638995.054663017,9997453.29614515,10035381.534089323,10041800.07296587,9990468.452475302,10793595.723494766
1990-12-31,10671097.145659622,10201826.267202519,10247718.004363254,10243808.676730944,10191451.844686791,10900969.466509007
1991-01-31,10590319.084936468,10091352.450863656,10166013.278277304,10205814.831132108,10076295.062267985,10850419.830427691
1991-02-28,10953118.035507657,10363088.514764827,10486613.171782892,10480534.734831065,10340040.688019825,11228262.927254248
1991-03-31,10998486.941081787,10453036.012294818,10597582.44462098,10551774.70649997,10426034.591601118,11274260.778943699
1991-04-30,10958441.525600286,10367722.69094641,10509826.832030734,10504489.650415685,10340329.400815489,11231606.524297673
1991-05-31,11012630.895320378,10469535.417698111,10589169.8453863,10604546.436887158,10451818.728003632,11200179.399446398
1991-06-30,10924965.501478298,10329596.080375437,10481244.970077138,10431340.936936378,10301978.373653628,11059182.4078861
1991-07-31,11158339.919471484,10547598.228749383,10673505.860969145,10692405.631662946,10528921.422798881,11185782.139491593
1991-08-31,11763414.927486567,10874960.413363582,10997590.929097738,11070351.161969237,10857823.155817542,11774719.498417959
1991-09-30,12030926.05196593,10933179.2800736,11073774.027724758,11092811.069992928,10912689.259475037,12260077.203014348
1991-10-31,12334142.822022147,11168322.438030878,11306773.839462098,11339632.13408048,11148759.305608474,12516809.905795285
1991-11-30,12584727.341400303,11061694.136994544,11153823.652027886,11291701.375528507,11029645.18558922,12715987.997470113
1991-12-31,13327617.551672015,11293920.443572193,11464115.434573932,11655949.341307312,11298331.402826976,13366648.949763484
1992-01-31,13570595.935275096,11374573.265027903,11516356.607913597,11740817.840507217,11372155.638714394,13635226.328960687
1992-02-29,14048984.479509177,11529374.85327636,11678152.940082759,11899873.648262803,11532246.198786194,14148928.187749065
1992-03-31,14548406.185585547,11400138.67975447,11531321.459084954,11802893.331806164,11402238.154163418,14707245.526119914
1992-04-30,15134178.539919654,11431587.342196442,11581198.197069993,11863101.92006824,11446917.910964921,15333190.534334082
1992-05-31,16335649.123599507,11567064.390008196,11724538.44919572,11992930.197954435,11583849.525372881,15646953.730945265
1992-06-30,17758559.713120144,11639901.262773676,11821077.429664224,12022808.041312002,11649734.126991121,15980413.180909226
1992-07-31,17725434.546921294,11851729.07031218,12033716.495281138,12168718.848574009,11875152.340187214,16458650.38517465
1992-08-31,17069243.151475463,12117035.812614322,12368489.125448061,12378665.568075545,12115516.317628857,16966833.972283542
1992-09-30,16709823.630577533,12355133.02857605,12617827.002855457,12663214.230505403,12350142.94352998,17151884.769808635
1992-10-31,16253651.309687074,12557073.674607592,12852244.801503727,12869869.483408934,12544696.317196775,16783542.808876973
1992-11-30,15924461.896698134,13348482.807432989,13673131.62684278,13484537.769214036,13350509.160934836,16829205.03840852
1992-12-31,16893144.401142642,13380338.850798711,13737379.018934928,13469969.631323077,13393791.314644547,17418484.174956974
1993-01-31,17694600.67175678,13807082.932132374,14154238.64854471,13833887.664464647,13822872.152559357,18329595.120596465
1993-02-28,18702246.625858538,13877646.458852617,14207843.277660357,14010292.569627436,13902213.210738117,19447477.679674555
1993-03-31,18279298.22083684,14023374.745789276,14331836.93864724,14262392.603792168,14059877.69204412,18981860.60652057
1993-04-30,18654040.406534262,14533875.081365213,14808872.33623698,14660405.411711892,14547768.091610251,19429185.110911783
1993-05-31,18765440.764225133,14729011.87666581,14973635.184139231,14853263.22819413,14731268.262138225,19502417.29779749
1993-06-30,18744698.712038517,14851988.507005988,15087559.274712447,15034347.428880503,14838282.500321653,19946976.01445979
1993-07-31,18495062.37360244,14909080.340798343,15151685.919919407,15068339.02571009,14884566.243733924,20598959.268956333
1993-08-31,19066233.4741641,15074970.227525461,15289607.390845843,15146212.416171176,15052678.33752619,21614852.468857057
1993-09-30,19113487.434164535,15031279.24074161,15251387.474427655,15069174.205082161,14995482.686988328,22696996.63939859
1993-10-31,19423416.167438764,15397080.893351577,15628473.252654873,15481497.312153175,15378509.123228047,23002977.178308886
1993-11-30,19615802.433275335,15676605.908852994,15904836.29843683,15644737.93368727,15659839.30827257,23258706.210358247
1993-12-31,20166909.712323114,16084661.888637442,16315617.38852593,15989233.021768779,16079147.279132206,23952476.66871589
1994-01-31,20286826.061894596,16575718.426706616,16841492.84507866,16419452.599344214,16558234.4769832,24126350.806028485
1994-02-28,20220964.90580696,16705208.752567045,16940432.582555797,16457948.057127627,16686032.499308508,24093807.246299252
1994-03-31,19540236.876627743,16199990.02541586,16393978.437773261,16004926.511886843,16165207.866103988,23272043.500238433
1994-04-30,19452172.773782875,16177019.178245494,16395298.256450407,15978290.000427458,16140644.679556407,23168658.567915022
1994-05-31,19526127.47373727,16316222.743552566,16522149.753354277,16201853.840781875,16298919.822281089,22886695.430266593
1994-06-30,19580669.97311658,16351594.465246087,16603339.761045624,16201562.166092068,16324115.361235831,23038359.41764918
1994-07-31,19622958.96990045,16465687.923647152,16681172.291964766,16346721.257683659,16437188.072258106,22602264.13941659
1994-08-31,20272048.781373136,16587254.071450956,16756131.575767482,16445555.00981623,16576020.872383911,23026661.94168339
1994-09-30,20518006.64520745,16542714.673078515,16741261.595087098,16511693.894970939,16527181.20865964,22444121.229000803
1994-10-31,20382566.6217933,16677245.688074175,16838994.89462379,16783677.108222283,16660043.261526274,21946196.784582328
1994-11-30,20058294.533911914,16597953.300000032,16715148.249745961,16693536.34139587,16581446.079077564,21603944.854508925
1994-12-31,19722305.37163633,16269519.504913745,16400531.368460191,16388816.745708168,16255788.520970628,21266871.734732278
1995-01-31,19375207.17390192,16001118.96926403,16159379.393070087,16199638.848676285,15986539.406633899,20909665.38660465
1995-02-28,19391284.177193508,16042644.06663511,16235972.527093109,16292077.013302878,16034806.861097652,20941724.743003227
1995-03-31,19547247.29135152,16183466.50802502,16373062.08763909,16437353.202384349,16198696.141961986,21111896.42189645
1995-04-30,19751005.211862218,16225918.749862881,16412301.02992619,16547378.057975292,16239489.378822299,21334205.988918178
1995-05-31,20141659.178173423,16534368.02050779,16707972.704132449,16828889.845237106,16573318.311798457,22537905.255348165
1995-06-30,20549982.3026637,16869579.708077982,17062310.94633963,17143929.733406648,16940245.619025264,23722208.111688033
1995-07-31,20903504.62822625,17209458.13614958,17382390.52564957,17541241.02757657,17299234.606811345,23346291.104913503
1995-08-31,21452146.51836294,17536148.71095149,17722289.122132156,17822376.320501667,17634872.2375699,23485657.48797685
1995-09-30,22055419.976906274,18160315.53128502,18362116.18963372,18473439.259258676,18298364.463287972,24408654.48884387
1995-10-31,22273316.162242547,18439104.04125997,18689775.41668301,18754235.359021697,18584763.17444223,25025109.742695685
1995-11-30,22601507.842357792,18630211.567878943,18916654.03144782,19105726.315585315,18807041.66772869,25234060.39323219
1995-12-31,23192450.70561878,19039803.71883321,19290546.84529736,19731461.719672687,19224451.71501051,25739521.09430117
1996-01-31,23000451.226560302,18924595.549163744,19256927.491135035,19658812.324817322,19107270.226359222,25575765.56086287
1996-02-29,23219354.69178818,18831609.848212067,19208547.409309402,19532012.06434288,18989383.92326947,25722294.22911793
1996-03-31,23211575.051705368,18700807.512158833,19108652.453260146,19394750.909981962,18847511.110186618,25704507.217818424
1996-04-30,23641039.533047754,19060165.178489394,19472243.04336509,19703342.53853473,19255980.15172818,26146669.756730035
1996-05-31,24267098.408181682,19310902.09878642,19680623.009953905,19999043.971321482,19543610.05690892,26156804.965958636
1996-06-30,24966845.214654148,19387158.67581816,19711460.709719162,19961838.470457185,19619894.085687067,26655007.398464207
1996-07-31,24599670.164740585,19122969.088923477,19507156.12682092,19619709.632065136,19318715.554554623,26964328.718790706
1996-08-31,24714067.064707547,19239556.61087498,19592304.543793164,19692426.839320652,19466536.010839075,27986919.18323533
1996-09-30,25141617.066586263,19597574.119931653,19871432.67681969,20028322.895540297,19873543.773444086,27726763.562625103
1996-10-31,25809669.3813744,19983485.132098973,20250612.990879484,20430527.29544475,20316264.10431523,28734147.002225835
1996-11-30,26420181.17754978,19999771.761216275,20355568.065236825,20700925.502541475,20456769.350384623,29299836.391996898
1996-12-31,26771228.253973268,19839418.62571073,20179005.963712886,20687941.157308817,20281814.30592366,29543594.30484596
1997-01-31,27551052.677176215,20141800.335780144,20606028.641719922,21020199.16126165,20742718.762520522,30382540.238197234
1997-02-28,27819691.32954651,20390293.409107536,20842207.297361836,21266986.135460872,21048595.3566651,30678385.650935818
1997-03-31,28445730.189652853,20193560.36488508,20620622.026503146,21119396.913044244,20833038.957753547,31413620.85038329
1997-04-30,29261448.60909178,20647387.00859098,21184459.468355354,21524775.859135106,21377901.55445296,32358526.205063045
1997-05-31,29980715.750156417,21049888.948232245,21528311.236378998,21984462.81210038,21964099.40071518,33140223.282581244
1997-06-30,30668102.553508542,21626253.545743167,22088842.927778166,22675167.849698488,22642749.683768526,33917758.59673
1997-07-31,31447139.680277802,22077878.215518665,22432293.232135177,23128918.35615424,23341874.961313672,35344762.9365929
1997-08-31,30839364.139651824,21726069.038452677,22146471.242372066,22728625.85290178,22897688.20589034,35727628.591846615
1997-09-30,31455253.23977027,22233776.48458735,22593015.849918865,23095775.443942882,23593944.824589975,36780036.532786235
1997-10-31,32312063.220238615,22770419.22911572,23176184.307163604,23377652.052740823,24127950.213261683,40000314.31833487
1997-11-30,37100455.8052645,24567189.145691574,25297596.102454253,26116746.271422643,26587400.586783193,45513236.999103285
1997-12-31,49347032.15768571,29513269.972946044,31003332.427258834,32809640.6446724,33070543.66365072,59456949.45745183
1998-01-31,46239952.85655756,27976981.198032063,29305438.76675647,31790388.64996116,31314076.892423093,54691614.79389161
1998-02-28,50376573.94711007,30679472.616063055,32329882.236510053,34769167.552326426,34750093.68388227,59678203.3750978
1998-03-31,46163189.97025676,27887834.20436731,29346244.85599418,32385010.977717772,31528141.855606787,53516287.70552229
1998-04-30,45098666.83977258,26631170.589978486,28021269.149878785,30864744.632373363,30232375.44626565,52560296.41289292
1998-05-31,45930121.46892314,27197484.640102077,28617644.35176123,30617388.92141916,30920714.94404576,55545258.342383966
1998-06-30,45234536.519117095,27185298.969811823,28626099.789543357,30325782.15235529,31138456.533649676,56295742.93374899
1998-07-31,43093676.13369061,26443754.493021503,28133814.592731584,29916418.787310034,29527258.137403004,50788159.230427295
1998-08-31,43874470.49339733,27489741.04921311,29528870.39328605,30734335.846158665,29643835.490504123,56457816.99267626
1998-09-30,45918146.1910743,28677656.391269833,30679835.87377391,31876262.089127637,31512285.73524999,62162214.06006592
1998-10-31,47945663.01383105,30058483.703002784,32234956.901185967,33896234.43904158,32911495.827102277,60933651.55400703
1998-11-30,49157651.199652724,31422447.353414748,33696910.60736458,35251102.084423736,34164891.14519233,61509828.95582649
1998-12-31,51646785.79492469,33864100.84852797,36277315.21978975,37679491.348306164,36562048.91171948,63513229.41109644
1999-01-31,52066145.8634675,35261607.29976907,37830273.64409262,38361764.4333843,37976149.93417358,64419596.95347816
1999-02-28,51343865.23968053,33706783.66476917,36249167.51415048,37348496.380905636,36663871.98666579,63008375.76715031
1999-03-31,53309983.342795,35215347.388144195,37948351.98115976,38484036.66271584,38357911.841604084,65604863.91526558
1999-04-30,54194359.33455789,38341442.209237844,41239829.47779627,40495907.414894864,41183370.47703793,67599233.35206579
1999-05-31,53498344.439263955,37367390.93397559,40152646.1255296,39802735.55564588,40079637.04758515,65269889.130336106
1999-06-30,55009539.6863313,37385667.96173032,40018510.73536327,40624981.102990955,40483861.31477029,61985864.38304161
1999-07-31,57540818.60652721,38473977.84958558,41235293.04138748,42574432.88888557,41685132.06061935,65337010.325329185
1999-08-31,56081785.33021863,37188935.34832561,39820616.9951137,41111782.12383698,40354428.40454829,63616041.146240994
1999-09-30,56785388.81711711,37491916.21366026,40155180.51878753,41318358.19042488,40530033.33322189,65886826.32865189
1999-10-31,56484991.50752412,37440428.1003152,39968484.845951706,40576474.63559984,40846052.87806179,63633554.14660313
1999-11-30,57123494.55996214,39062548.2542126,41737699.23831074,42218170.685825355,41776173.39941822,64466621.26478867
1999-12-31,56818601.534237854,38989935.24454139,41824022.78856999,42234443.442123406,42321415.91671246,63757858.33621563
2000-01-31,55706232.90504652,37266327.55233823,39846486.016967565,40675337.01876543,40233478.76127702,62318174.318618804
2000-02-29,56752178.75769237,36224003.83721851,38677761.654211864,40163577.601627134,39030520.02661693,63270970.08845708
2000-03-31,56635503.164298035,36751738.50285392,39445063.116554886,40578330.29881433,40355435.4664927,63157703.92650692
2000-04-30,55729962.92297321,35288629.601627685,37746228.39450432,39663072.57715886,38704149.5587826,61990789.8883205
2000-05-31,55838806.654770106,35201914.85281374,37633207.49020401,39592507.249315836,38674142.67754844,60850160.28308269
2000-06-30,57224115.77117782,36169746.03079578,38674435.356961876,40830181.824959695,39447077.816192575,62210446.11994188
2000-07-31,56142947.72260706,35384731.05307408,37889946.88526196,39734456.930877924,38719232.41303042,63201046.152775444
2000-08-31,56936383.42986667,35780270.420301855,38171237.08965748,40144455.87507777,39606499.74905801,64370016.57814672
2000-09-30,55232563.49942481,35112733.30544021,37623002.82773942,39237840.1292029,38567256.603652135,64552154.410265155
2000-10-31,55183313.264193416,34895627.236821406,37389717.17018432,38809768.30868001,38615417.64287005,66638169.37472491
2000-11-30,58347678.21256264,35664956.299306534,38029918.49250424,40037077.175430365,39159608.10952372,70266833.14703515
2000-12-31,61558379.111286074,36991732.78204638,39343919.0272408,41975512.727119215,40698942.39468964,73945596.59846362
2001-01-31,63750129.38151744,39477920.30123294,42041017.63314456,44295648.24410644,43436638.693164386,76413211.90404524
2001-02-28,61881715.8496297,38322142.94532618,40464461.92413386,43222052.71667935,41371941.81453418,74354562.96694434
2001-03-31,61856238.43041873,37620010.22001925,39639484.086451426,42695363.202817366,40845972.56281952,74428434.48346663
2001-04-30,62328449.94833276,38562970.668180086,40966716.796182714,43425165.75132568,42325514.677804366,74758840.24745622
2001-05-31,61927909.72755581,38282430.71185942,40733280.61763751,43334472.499021135,41731908.04503713,71828394.9489327
2001-06-30,62668268.19845984,38929031.18278185,41545367.25212689,43775079.466960415,42207511.80152591,74221307.27728617
2001-07-31,61473566.62166338,38846789.86740332,41545019.070172384,43268677.4603278,42104176.06464851,75194064.13491453
2001-08-31,61008262.10657201,39242869.278966434,42270395.57583158,43620247.0029888,41734722.743047215,75959205.46845531
2001-09-30,60268825.89903198,39351235.94308472,42651079.6105907,43170506.54144159,41024638.47893489,77844718.79978225
2001-10-31,60071635.32952282,39396150.213576674,42661214.59354517,43695593.26833792,41319708.16432555,79639127.85809581
2001-11-30,61390674.681179054,41370892.87895993,45050416.632863656,45044268.02319081,43733220.72247643,81710044.21677521
2001-12-31,62554972.33500706,42751857.51077229,46677923.575844094,46170605.31288118,45284199.168843664,83326048.3630031
2002-01-31,62691108.49921878,43715164.30359761,47675988.97029626,46836453.24764095,46139808.85104703,83632290.82696259
2002-02-28,64696329.49817847,45655121.91064428,49684133.58510961,48408675.26386954,47797594.6344569,86420415.57323661
2002-03-31,65664547.69816445,47161740.30165159,51482529.95420116,49344866.62795378,49444790.3668448,87923832.03463526
2002-04-30,63665175.421908095,45720493.25670225,49661512.775127865,48127857.733267106,47369596.31488782,85064016.11819421
2002-05-31,60994922.31866114,44982585.751658626,49041745.73314298,47238687.29219182,45997815.73098353,80920493.43881448
2002-06-30,60225295.32731334,44279894.1607084,48648402.677965365,46119829.38695931,45098914.06697232,81880210.04867847
2002-07-31,57743412.756435886,43637253.495720744,48311573.078559354,45264241.6184268,44204361.284283884,82117533.13317738
2002-08-31,60164841.733075276,45134469.68187959,50020267.46651966,46765814.10777137,45698366.1694324,88029089.57328008
2002-09-30,59725896.07707912,45300755.710232906,50586314.55173008,46317562.396275476,45350322.162479736,93748363.68595485
2002-10-31,59774737.74081273,45754091.77841116,50872571.10329752,46809418.31875652,46199697.86031605,90012986.04067047
2002-11-30,60810671.37162981,47298972.422536634,52737831.12841971,47893273.10983195,47974927.5393275,91700141.2212297
2002-12-31,60679241.476545036,45754815.08904206,50753901.26974031,47151225.52701369,45644340.62872058,90918355.5582227
2003-01-31,60680374.41361247,45391026.34775284,50162678.01373121,46915726.227389865,44825145.831766926,90921771.61539178
2003-02-28,61564408.967060566,45403866.33730215,50087996.860452525,47178643.588458166,45167237.120783865,92238681.13394304
2003-03-31,62549992.4602865,45402393.45783031,50155096.31905248,47529846.9825475,45486656.07421689,93627859.42307962
2003-04-30,63313836.88269535,46845731.97413735,51999128.197766304,48640768.22700956,47094127.834517576,94675089.76514721
2003-05-31,66751782.10343833,48881791.77225363,54186890.46212931,50810178.6046615,48982569.79712552,100202660.77014348
2003-06-30,66781022.78589569,49249299.17761767,54665278.116506435,51360725.075108536,49674217.69909519,97253946.44360746
2003-07-31,65742046.90377584,48464809.83463887,53575171.8672042,50934826.31559546,48708146.22783594,86449171.46377829
2003-08-31,67105451.56111129,48633087.55864657,53584540.41710841,51420698.90871789,48573011.100014426,87132942.74893993
2003-09-30,67200468.83949082,48598865.55049978,53756941.3017811,50993265.613701135,48316946.65256814,90355385.0831608
2003-10-31,70493239.24164048,50368580.5315365,55429222.268023096,53288558.80798873,50408875.30670421,90191292.59316416
2003-11-30,71674563.02208968,50955365.35674757,56215052.16169765,53809615.367551394,50924684.059145935,91736650.82809639
2003-12-31,74493832.9023169,51856921.38444732,57392718.19216302,54732183.8682693,51722863.51843122,95039345.38420883
2004-01-31,74309333.9873415,52370807.93445625,57971269.81607721,55069492.02860601,52471833.26705378,94745459.94384895
2004-02-29,75524470.7859239,53235494.20815191,58966744.27254492,55820330.81088038,53520776.627104454,96304267.91389994
2004-03-31,75604566.93468183,53601347.32377003,59159326.96694733,56228850.8152675,53341678.11049351,96376686.61769898
2004-04-30,73905363.16640726,52281751.02551399,57748526.50115199,54996553.477578506,52539128.19127531,94163635.98837706
2004-05-31,72525870.39032866,51806157.1915685,57134973.05163347,54190154.63563536,51959570.454809755,93232401.41369227
2004-06-30,72200633.76661704,51945554.45003925,57267809.33395007,54223249.947921075,52160709.77364651,93486671.20139366
2004-07-31,72440003.96826288,52139462.49302643,57676861.33360998,54056555.69999829,52326731.51806882,96067939.8541511
2004-08-31,74057848.21533398,53611905.8093342,59481031.34293857,55800352.31642431,53553843.599906474,98530378.51532626
2004-09-30,75996323.92077982,54643881.72325099,60657257.56078148,57002530.07607931,54551162.14434743,99465907.31503387
2004-10-31,75402842.50843461,54560533.33690869,60608412.96658925,56945199.10849018,54269344.67654801,98409424.6562867
2004-11-30,74637901.65335631,54800496.54657856,60902030.7242079,56932622.140312985,54154577.36704822,97276644.7553449
2004-12-31,74920697.83157805,54947908.70932495,61140415.36329904,57033204.42431271,54542274.261662215,97489013.97747332
2005-01-31,72940984.15564488,54552097.26513934,60670596.648172244,56270029.39727115,54269685.40796855,94914475.8560769
2005-02-28,72741948.9251489,55465268.84457428,61772819.93825492,56660552.2259852,55023121.84868416,94640832.82166788
2005-03-31,71997521.69082972,54562266.23281051,60742475.42148951,55991048.34613402,54164544.147721544,93694338.3955921
2005-04-30,70791900.56972083,53535950.02489585,59424925.84550705,55253323.20866991,52906819.768778056,92036812.66243838
2005-05-31,72267390.00735024,54725535.383708924,60684236.359723255,56623141.85125158,54487966.495629005,95686119.95974353
2005-06-30,75580533.77263574,56312433.254745275,62405818.127343215,58342115.50899399,55970392.17689956,100627103.67143695
2005-07-31,75826743.85140836,56352094.78950244,62191535.16894618,59031434.9862976,56140501.44131717,96473290.5041259
2005-08-31,76926690.7956229,56289912.139095545,62107104.03508107,58845091.89802022,56026302.61599755,101042739.5983211
2005-09-30,79742805.81792103,58025932.823556945,64003311.8126457,61317538.36063582,57431124.946371704,97710849.22638044
2005-10-31,77199115.93246591,56872058.396798305,62770650.504153445,59854383.45008393,56212136.499049716,95622050.91523358
2005-11-30,79789752.76043461,59083723.45461044,65456224.51434411,61913431.51580319,58247222.68001063,98373282.40664813
2005-12-31,80779476.01610705,60221809.25183165,66589617.87868295,62939214.730149284,59099484.31437851,99441609.72402701
2006-01-31,80901144.96014109,60800084.47678794,67180688.85060725,63230089.1909337,58954715.06702869,99690017.31624763
2006-02-28,82461262.90466058,60885326.7782285,67285090.5196062,63561190.39570014,59201547.78267718,101562717.24155456
2006-03-31,83419715.67794266,61143402.752693474,67681750.72427002,63822380.04447998,59246191.67758657,102849222.97268897
2006-04-30,84664447.34282744,62517630.656405605,69211763.13117452,64744608.49796071,59753537.53395101,104497147.85133746
2006-05-31,84433494.81813452,62021408.0369356,68860789.01977889,63812453.04075866,59286018.97794193,104574261.92146388
2006-06-30,83918842.52148327,61693301.65695312,68488358.40136799,63242928.16118794,59199766.2651861,106164695.35270745
2006-07-31,85152039.7757987,62583914.807514615,69480176.8771911,64176091.90784152,59951944.41521122,109193133.95599936
2006-08-31,87657156.02738321,63908073.99823256,70929987.35244927,65520573.743141435,61410385.12135142,113260835.70477548
2006-09-30,88059241.8790945,63891445.30376453,70878236.04006118,65453386.56733953,61634987.086455375,113616263.30728641
2006-10-31,89861648.61749259,64449909.319187045,71381030.9871952,65978799.01810521,62198294.881452516,114117939.02641611
2006-11-30,92833333.93015134,65864645.07679868,72992178.50905181,67235142.59573267,63236733.73121611,117491135.80361411
2006-12-31,95738227.83669299,66004730.46490067,73200926.8894424,67353745.76802729,63524086.514300995,120067452.61027303
2007-01-31,97351793.54196177,65685207.87633921,73003178.5835844,67288935.1757278,63065454.94265895,122276800.67351289
2007-02-28,97962479.51729766,66675269.63723084,73956922.14307341,68100837.60340145,63883653.16857105,123137543.28980567
2007-03-31,99384038.96148865,67440808.69014691,74793883.3574012,68826302.73125613,64758761.76824986,125345725.94082913
2007-04-30,103220088.17939922,68785185.24980652,76530443.26872253,69803156.93958402,66027628.00880032,131019678.80763
2007-05-31,104839752.73926753,69231856.54853047,76821124.60077786,70802582.20180854,66719623.679673225,127493286.1559704
2007-06-30,102710520.99722254,68100532.04067874,75554244.91775142,69918903.13616845,65641686.183180146,125547897.09181897
2007-07-31,106053986.43652026,68940578.58345005,76718972.32001571,71404960.95709597,66259997.19205269,129208705.50921595
2007-08-31,110470879.61937237,70455124.48200393,78393675.62223023,72583338.42173265,67816037.59280905,134252089.9133643
2007-09-30,114008078.5720807,71685865.95607643,79655806.41285686,74170159.79398632,68460886.1176373,131044183.38388863
2007-10-31,118645550.55489385,72775761.28235127,80836396.18940264,75703066.76120843,69130656.81589538,131905317.3751685
2007-11-30,115814493.10725132,71956141.99436061,79636406.85878357,75063631.88432342,68344029.94731301,130407805.93929243
2007-12-31,120230791.4850448,72914220.38557535,80686163.19663565,76162175.11285031,68922267.67664997,134237556.34182894
2008-01-31,118370157.87383033,72192808.79542114,79359418.04781619,76069353.48032981,67447322.2625854,132605747.69659045
2008-02-29,120085467.76337811,73647302.18614699,80736461.61312348,77472601.04265161,68501028.3866922,134572752.13769692
2008-03-31,120823277.60132477,74614608.28717571,81785906.27355005,78631311.07309617,69956494.75579776,135552872.20227847
2008-04-30,123739141.29903805,76277641.75692739,83925810.81554921,80183767.54229304,72138475.74486339,138509417.49637634
2008-05-31,124202660.01237428,76957022.81345606,84393736.93134865,80967052.04628028,72696963.71267119,137937589.08079267
2008-06-30,120330098.26659878,75298680.93897425,82942368.92439558,78798070.00079913,70670294.54572368,144117399.5371211
2008-07-31,116700760.3199661,73649265.36723828,81295394.37028041,76938949.96201761,69043877.67173271,138745981.23322237
2008-08-31,120393248.69827503,75451811.59130761,83058560.09025095,78316271.74384752,71555210.26669307,153468245.68770573
2008-09-30,127350965.0959742,79063783.29667549,87448224.07463294,81825745.9197402,74893299.46225166,172508025.519081
2008-10-31,117567789.33991387,76359354.17194158,85534946.13776982,78041626.9076056,73131007.98893933,179290707.0797348
2008-11-30,135424914.86935702,80732134.37309158,90333876.13918598,84591774.00686838,76675146.11338504,203366748.22915983
2008-12-31,129611742.10830745,80796748.38288012,89474747.0674414,83825541.10178603,76188733.38622917,193151438.86562634
2009-01-31,137061487.12007087,84436052.45865038,93128582.62153544,87645876.25720122,79624954.7406305,204388624.00685754
2009-02-28,141689535.11267903,83337589.31429748,91748140.42557895,86903457.6220744,78300848.21115682,212266482.06109267
2009-03-31,137162723.52276158,83447191.10721618,92022152.65831426,86190006.71805637,78656257.87869225,204608681.81329197
2009-04-30,134874073.45820022,84380206.24245666,93454510.42334206,86482805.61214653,79978186.85691985,199789417.7142798
2009-05-31,141385565.53180775,84910042.20999373,93594819.82540704,87365659.63688907,79608056.8896256,188188556.20537642
2009-06-30,142983904.32571173,83875036.75597821,92223031.04712455,86431175.38789526,78869371.20661126,193321007.15815035
2009-07-31,146874491.0093304,85599228.40688846,93856970.32274678,89471642.39850181,80375358.4020381,186602456.3403024
2009-08-31,146510638.68521833,86821999.90757068,94777886.28059739,90866895.97250566,81468257.07509324,194792120.58423522
2009-09-30,146174311.19086927,87121194.08327639,95210210.19005018,91980647.72960155,81398911.77641535,187906092.4242942
2009-10-31,146264132.6184524,86927427.24471277,95128298.93723969,91094235.47468536,80958908.13899322,184080585.12346226
2009-11-30,152828222.54814947,89108661.4361396,97855641.55761899,93582621.55585895,82173744.36973274,191892081.32944956
2009-12-31,152907264.40525055,90256951.60768327,99259649.35370483,94547876.80701657,83889929.58639918,190860016.838512
2010-01-31,149040625.22272503,88005150.0815771,96527688.08182704,92577604.41989699,81737063.59922738,185783592.58749175
2010-02-28,151381719.8295631,88998966.96948665,97791495.45140137,93736517.09840772,82456267.22081783,188755645.0837974
2010-03-31,154048035.80819213,91178295.00796732,100401072.57875712,95524205.54260948,84662106.17387769,192334689.26224142
2010-04-30,154579648.83635205,92249707.06395428,101604719.72258969,96289627.72621301,85346067.85867348,192918040.01517785
2010-05-31,159037840.16101494,95162622.15022779,105333707.5414621,98248900.90319185,88144770.27757779,218603118.2617698
2010-06-30,162465139.25420702,96783700.83428179,107562193.98523656,99893351.53542593,89667522.26286776,236379151.69621772
2010-07-31,160510877.05393767,96651749.17865917,107127199.74537224,100060002.15396276,89822968.66046937,226691352.0219419
2010-08-31,165334311.7236858,98762015.97902733,109971538.46454507,101906439.47905082,91661364.35335647,249038871.44009104
2010-09-30,168533824.19232136,100305726.32739738,111350793.45038432,104225380.2142575,92833527.13338494,231029437.63246062
2010-10-31,170347941.11992744,101760373.44910388,112834264.11215918,105801885.24725163,93994656.55507326,217587377.1393609
2010-11-30,172006369.2383271,103028379.98497552,114549860.43109356,106767880.3719557,95084522.23421894,219805467.18396708
2010-12-31,173842113.17753962,105370776.15600802,117770449.89255923,108286935.27641314,97078242.64477064,222215022.64120963
2011-01-31,168472492.60551405,104296285.34012833,116819334.61426455,106932326.35091221,96350947.18572918,215508703.7332939
2011-02-28,172248217.02084264,104013130.18439546,116905965.14741266,107165080.36529276,95499830.75381331,220330244.89228565
2011-03-31,173562522.70276362,106438436.05107707,119299919.06634346,108901332.39361826,97999239.3861441,222045209.8702892
2011-04-30,174925456.90035284,108523480.85394868,121711136.26755457,110436673.76832461,99578789.66060849,223931208.54534644
2011-05-31,175163194.45197302,109885275.36768341,123496094.38145904,111325260.35037981,100936827.64468884,233676676.5628548
2011-06-30,172572019.26932743,109375722.46355066,123258938.73186472,110435272.04154618,100600430.62877584,225771008.73460558
2011-07-31,173804355.51012892,109805333.90409261,123995226.43639022,111031863.16770089,100679055.21431705,233018517.64619213
2011-08-31,176767797.4752738,113338930.35323706,128826942.62529317,113053529.17390546,103373851.78633459,257945957.34497067
2011-09-30,185569768.6984055,116872349.9432784,133351305.5094797,115025549.91706572,107716811.69105347,324124044.32070255
2011-10-31,184946464.1489074,116325452.12962614,131920312.18584272,115795556.70517462,106703092.47960278,293538618.29368985
2011-11-30,186879257.0039259,117044434.90929963,132695111.72314002,117150608.02330033,107311376.17939532,295005017.6663741
2011-12-31,184367083.97668737,116421937.8040328,132131185.79192866,116457764.99979867,107186162.66600998,291240711.4270291
2012-01-31,191987829.96205395,120212797.32046835,136719939.30323914,119779705.34510866,110251711.66125658,302105866.7847779
2012-02-29,195154606.99355248,122417631.59393252,139626552.23910463,121678931.6579182,112126391.97109014,306807210.992486
2012-03-31,192452607.1494773,121944151.2211411,139632366.22279856,121014606.61071642,111860203.93646345,303054110.00084925
2012-04-30,193281449.560158,122178393.65359686,139695942.52668977,121381120.9838254,112132084.87093341,304676948.04896486
2012-05-31,193676968.2871148,122668293.6791504,140879988.05230117,120485628.3233859,113131926.16661507,346857731.32807004
2012-06-30,192396105.2542685,122564158.81829652,140643470.32544163,120497053.69019994,112975104.75186038,329814227.67616045
2012-07-31,194308463.11693695,124667771.2278288,143206603.26034552,122614019.14284569,114830436.96844935,339133809.0854834
2012-08-31,197153335.7164568,125632881.0664579,144023403.21061897,123620603.56635368,115552325.19828151,335528488.199037
2012-09-30,201344660.49192792,127070242.90184972,145512517.7664887,125704983.95537594,116396944.44314237,320684182.08120537
2012-10-31,195666134.89590275,124547676.87144727,142939454.41325122,122773233.48763254,114235407.10548732,313089272.949393
2012-11-30,195629951.04185614,125193967.15801607,143649774.95920774,123245934.4042152,114864130.22411269,312822116.2567581
2012-12-31,193192164.02681053,124809340.72740486,143270463.31171516,122341166.7224582,114823331.69346768,309439894.9098282
2013-01-31,199955962.1908167,126322737.13732666,145729878.9255706,124158471.80781972,115947282.26509202,320355881.1101094
2013-02-28,198068313.73847276,127378678.7381303,147026692.84473735,124773093.88994443,117195594.8340956,317471232.83683765
2013-03-31,203515327.64829385,129085754.51024169,149516826.1341987,126871506.70354751,118749033.65750477,325981921.5659917
2013-04-30,202046990.45249295,127278091.03808966,147473542.12910995,125438518.89776732,117481616.10691535,323744054.93568563
2013-05-31,203722440.22001404,127651724.68602969,147310254.06469762,126261977.87262098,118107595.60405104,309479335.2732094
2013-06-30,191967798.8880893,122446201.71703282,141086520.7974517,121031684.51726659,114200712.81061782,302565613.5711812
2013-07-31,194038353.8460241,123590599.41689491,141784566.5031303,122440776.38992193,114495114.54638407,290865649.19760394
2013-08-31,190831201.1078935,122996211.9559588,141480272.24770167,121767188.38670585,113471269.83794266,283582345.6377794
2013-09-30,189392571.89557797,121794796.52512795,139991188.90674233,121107859.48255354,112700263.57176992,276145540.68802005
2013-10-31,192877717.96204114,123447096.76518449,141574312.3528149,122975795.31523734,114225440.49629238,276833485.67525566
2013-11-30,191593104.91392052,122133560.07751067,140487673.37912145,121905453.66792382,113704600.90169758,273793603.66382176
2013-12-31,190676200.8886155,121753543.61626107,140334965.1822976,121843431.85553901,113568237.56493743,271573861.57867634
2014-01-31,193649005.77342194,121504773.62662517,139766028.40596083,122215524.49763456,112993066.19288428,275364917.92464995
2014-02-28,197828352.5992623,124219226.54196185,143154579.73388115,124901100.12355803,115137992.01001967,281272934.10017186
2014-03-31,198382903.39413762,123974168.31320286,142937989.0498218,124607251.77909875,115151837.39203168,282227993.23081505
2014-04-30,194579320.41963136,122455478.7487575,141064517.73581666,123076071.9834724,113644654.0383983,276833285.39190996
2014-05-31,196429331.01035064,123120425.95497066,141822573.1642766,123778446.54309306,114592265.56560841,281535560.18096256
2014-06-30,199474711.21478543,124483539.35883018,143300174.582166,125174058.5945237,115506335.8431772,278433442.6070454
2014-07-31,203707555.7001258,125889289.48497076,145072930.13200054,126733474.18757495,117069163.15995458,284757389.56055874
2014-08-31,204994666.2545449,126247716.66005754,145226694.34360844,126906225.96560204,117510881.42107776,294175492.1979679
2014-09-30,208549836.15864617,127156944.99982035,146251862.63527918,127237518.5606048,119005335.7622475,299521400.812699
2014-10-31,214484144.55468372,129639142.93631293,148972045.39578658,129194659.78165722,121764148.64283451,313371983.6347686
2014-11-30,226349667.0199899,132664259.7163446,152937813.76226324,132397012.9974384,125023530.20537278,330473318.3424705
2014-12-31,227418102.62764654,131134787.55372965,150952074.8690894,131115539.4429971,123456070.42640293,332115356.8217187
2015-01-31,236575504.05697238,134971691.95423964,154732828.78542838,135078471.37257344,126473212.01384166,345252394.4139476
2015-02-28,236493871.0241331,134932890.27955317,155396430.95137674,134882644.87636903,127108414.92381069,345137208.4228097
2015-03-31,238779326.32158855,135452810.6460661,155756385.327642,135322076.72631055,127912649.8456257,349619634.0161447
2015-04-30,237523538.66818637,135644945.6505433,155960559.06557837,134980052.5615425,127868894.90971886,349051253.1760974
2015-05-31,242263495.58113956,136984521.94689584,157063449.52969846,135936545.80923617,129453198.57320158,351926153.9247155
2015-06-30,237421077.5230712,135312758.92166275,155248840.64629653,133973854.30762464,127878000.62402914,339219936.4134619
2015-07-31,240181709.58800846,136664798.22769496,156352666.94078898,134678665.4391872,130481263.51776204,368085762.9057985
2015-08-31,236058613.82582217,137760013.2315136,158443599.41676417,135014953.46607223,130901462.91087726,372747262.97710776
2015-09-30,235225884.95922196,138285191.32692477,159477768.33498466,135635652.15802526,131383522.34622101,380747168.8142502
2015-10-31,238860350.12476063,139221278.70932788,159834888.77202392,137331944.3053786,132257910.11792696,365068147.4919757
2015-11-30,234984917.16617554,136412948.4522951,156850745.68485022,134851888.04358655,130614679.22155368,358978353.41161895
2015-12-31,237597521.8082836,137490816.1523511,157871541.19348675,136169140.01498336,131555244.65185519,362968424.99299324
2016-01-31,239417951.93531078,138564425.77363172,158542170.3805805,137882096.37713316,132018559.62290539,365237209.3475876
2016-02-29,250352272.42610562,143999143.09021464,164590751.02147716,143559962.07552797,136280961.94001248,381554747.1111782
2016-03-31,243977494.8926285,142058877.40689874,162727803.29929557,140821748.67078573,134234122.75907362,372020032.87805766
2016-04-30,246984986.6654409,143412106.27623656,164292945.28069055,142294936.4975203,135140282.80975413,376444194.7934777
2016-05-31,252438530.06582272,145388754.4457615,166113031.0466853,143724233.43267077,138037141.4307743,394368927.1937397
2016-06-30,256003924.685552,147206726.20583653,168637169.05246484,145747521.42975584,138667333.57477638,409357967.75030345
2016-07-31,256947097.23402867,147390487.9817194,168767222.59478322,146369288.07713705,138625735.55311006,403022631.8265263
2016-08-31,256815850.45691508,146836852.64752415,168021819.4335651,145995769.31463975,138411331.21072257,400045842.38134944
2016-09-30,252369097.55163595,146180542.78652287,167390794.13974103,145519115.9212697,137512421.08516026,387656594.9985986
2016-10-31,254801996.81403843,146241350.72810322,167197766.27838975,145321760.21428064,138201737.59880003,386673372.6780301
2016-11-30,250623865.92270136,144847217.02624404,166668168.89456102,143572768.73844796,138119929.02902338,381670389.9392617
2016-12-31,253177600.8069529,146732047.90444434,169411361.74422026,144953877.72701216,140661691.58904973,385650961.44870967
2017-01-31,251871425.48848665,146851102.08019835,169446221.57427245,144575343.61991566,140089968.4230472,383346005.3245355
2017-02-28,254138742.17772478,147892166.43805638,170983849.9831433,145503227.4721014,140760079.3300334,387004484.2788867
2017-03-31,253319444.93857226,148668928.67910966,171822399.42489338,145660653.1439429,141661137.15069902,385832925.4230157
2017-04-30,259507865.99573034,151963544.67188618,175758766.1322884,148793492.5387271,144798422.45374304,395282920.5139273
2017-05-31,259727837.92767578,152232116.96411866,176007161.6589712,149993935.5246873,145138325.09067184,396578568.9567781
2017-06-30,265153885.48106933,154487396.2046285,178469721.57211918,152247908.93387777,147842748.0302707,408348177.70526695
2017-07-31,265277419.72069138,153735935.1452111,177395195.13376325,151867172.33402562,146867057.65147287,397895985.3297134
2017-08-31,268460859.65346307,154600654.17605346,178427163.58782816,152360469.04546425,147369950.68047434,411642503.23472226
2017-09-30,270967450.68640196,156248366.44308564,179889886.62096047,154240106.85928535,149590977.28330603,409320606.3948652
2017-10-31,269324444.1187576,154877475.49928734,177990420.93693322,154042168.6652121,148303287.9078322,399533244.042957
2017-11-30,264751557.80544934,153497121.9035325,176539421.9397381,152791146.08850455,146912386.15401706,392857800.5684837
2017-12-31,265415666.39992553,153253568.2483067,176321467.26950046,152476800.74620578,146529980.89760655,393769175.4343308
2018-01-31,272541394.52254975,155607197.5505598,180015501.95995122,154277816.78505516,148887656.54990703,404252742.1380712
2018-02-28,265266503.34515858,151971085.93936467,175521255.5804208,151327224.73556176,145364780.31220397,393473735.4074615
2018-03-31,260435750.23253107,151179179.8726695,173993666.25793305,150407324.4540315,143917228.17335185,386316174.59073186
2018-04-30,261761155.35339242,152106113.38294414,175209764.53649053,151087810.75587666,145238601.5754606,388363069.7596446
2018-05-31,264006800.87211567,152505798.48178414,175251683.23242363,150996643.9351868,146178100.26558107,400475635.7083142
2018-06-30,265782943.4474253,154247258.603368,177113550.02169716,152047842.5174361,148828032.6292827,414637933.94870085
2018-07-31,268353686.29020798,155018787.3427382,177521279.85394728,152681827.5535054,150357995.40639755,409033066.4734297
2018-08-31,270840212.64008117,156987983.3652185,179446088.69763288,154562672.12582898,152908374.3624879,415796241.6662815
2018-09-30,268148754.58712965,155884316.39978302,178065744.87175238,153612902.8465377,152086753.43253422,401448395.8344582
2018-10-31,262929530.71359053,155126777.03883943,178097841.87652314,151309147.92456716,150446835.24318537,400576311.80584264
2018-11-30,265118836.6322531,156351108.55033547,179460961.31553614,152089983.22373143,151586024.51012352,404150933.3638022
2018-12-31,263817392.38259226,154954016.3137035,176444345.13629544,150894492.99483213,148297303.76356474,402598452.4186684
2019-01-31,273792544.3445324,161102018.60343343,184469931.40832594,155983223.5450612,154835507.1252793,416960419.12565506
2019-02-28,280719564.5747739,162468250.00877303,186494052.59589347,157620485.27680206,156854729.2079439,426847152.96994996
2019-03-31,288447366.7522052,163139604.76848602,187363291.24971455,158897921.5512186,158297184.4735386,438684564.61520666
2019-04-30,297580460.1538297,167057682.9490331,192624920.8637678,162687008.27556193,163190424.39120308,451998534.4829953
2019-05-31,297306463.81549644,167326429.96198553,193956561.12743425,161459303.0073219,162640346.43813327,493439588.1837009
2019-06-30,305208979.6697192,171020938.40810177,197622474.03604656,165704159.9384228,165290824.2823112,483098128.0083221
2019-07-31,312274014.0049521,173722775.99138856,200455812.47643173,167722949.90872797,168428185.43666536,496150477.2203959
2019-08-31,325226888.4477954,178792664.4715637,206717759.69271353,171710012.73842517,172258965.86971715,564284227.8740631
2019-09-30,321949691.07964015,177071531.50298887,204337935.41259402,171105220.51880422,171252110.43146026,542148631.7010474
2019-10-31,318672774.6484679,174646519.74794352,201154884.72159266,169233750.11349815,168799961.41420874,524120793.3612333
2019-11-30,320062165.83314866,176407479.7154598,203703497.30525416,171217210.66001442,171776042.0170411,525900312.0636818
2019-12-31,323081610.9706291,179792219.56671092,207934427.5604357,173266558.0967221,174565186.22856233,531175433.5326532
2020-01-31,333432732.5041947,182630778.34499004,211214051.84249017,176971057.6361336,177263965.23736385,547512628.6064844
2020-02-29,335506644.2293588,181317877.08604088,208212131.430483,177148652.63475153,174213578.3581677,549978939.4489448
2020-03-31,319518102.9414357,173537350.06192997,197158392.52673256,171536257.23409998,164642623.5748032,522329111.9042467
2020-04-30,335691995.1232319,182053322.12056813,208402260.30537456,178695841.96380603,173681695.91693592,549562156.9556153
2020-05-31,346943907.26653874,186750628.17161936,212837068.28459656,183308509.20750606,179448629.92656443,554524944.9219196
2020-06-30,347750912.1831416,186679919.2594785,212743834.592045,183819477.05839115,178664843.30078837,540144585.939716
2020-07-31,369433398.28084004,192759740.23053566,218877317.36709064,190473648.20520782,183797163.64663732,560426290.989045
2020-08-31,374152600.45402443,193798820.22086954,218694761.47112912,191720751.9764499,186207904.83021745,529823998.8399587
2020-09-30,360633747.41109776,190442845.8299874,215923452.85630015,188525881.81462485,182642828.40830967,524250059.09109217
2020-10-31,349892119.99957514,184794874.3998791,210236124.108261,182970043.01356274,176218613.51679286,492610893.87556094
2020-11-30,356293507.5305413,191689984.29130626,219687448.28295174,187032816.3583507,185059555.24782148,503949785.95852286
2020-12-31,365723697.39947766,200462750.66930538,230219069.0504378,193413545.0569069,192805443.43753803,517717652.7245539
2021-01-31,371242967.8555858,204443385.1687296,235103331.07699397,196402965.239859,197514769.83848336,526160221.12772024
2021-02-28,368735221.2273941,203587725.10241935,234908787.29264855,194648682.8457911,198005096.084696,524240980.79619545
2021-03-31,365939964.38704884,204503824.55349594,236845694.47994134,194971821.5983224,200493081.26228958,521536056.396095
2021-04-30,373232438.94763947,207832139.0412696,241527199.37840256,197581712.30892396,203866467.56754923,531843939.31344783
2021-05-31,382353352.6405131,210736719.04992312,244860363.81720763,200355770.56797653,205226295.04405302,531330864.36948156
2021-06-30,386185320.6740955,211612204.97660142,245461518.70987147,201808558.58763245,208732176.04251814,562746200.5526958
2021-07-31,398467635.5885296,217177957.86822185,251656627.11585277,206035297.74788335,214478517.0614031,594731565.1758829
2021-08-31,407527897.31890297,218707057.15610647,252617714.8651176,207528817.87196487,217410293.7840894,596032446.609114
2021-09-30,401585337.6854098,214571304.01924646,247849572.2465643,203096766.6411919,214170514.3901727,591385802.4702536
2021-10-31,401821530.7564827,213263022.2236714,245312149.80602765,201863346.55086976,213163482.72542444,601479149.9223187
2021-11-30,409807750.8800046,214863332.3857549,247062930.83351046,204528215.60765338,215636709.9167191,614551892.1186225
2021-12-31,416837703.8761753,219565381.1753527,253288976.2833438,208329747.72458738,221489853.97256672,623416972.8604523
2022-01-31,401115212.30605495,209833012.13873515,240934004.2494387,200263210.533982,209505521.75844875,599572757.575391
2022-02-28,399361810.15763056,211276376.43252605,242417026.2729299,201451553.20468462,209045490.5625223,596936522.7900298
2022-03-31,403348468.7281791,213102226.21803588,246462479.54705545,202545499.9095921,213663708.04927924,603200089.2161967
2022-04-30,391439653.07592064,209282641.65515247,241425600.7570297,199273757.0198384,208758338.65835783,585214449.3444662
2022-05-31,380561876.31219065,205492179.26295885,237614355.99251604,195660415.14747506,204355955.32781503,563400935.4563837
2022-06-30,375890249.253144,201113903.8651175,233451180.21926087,189698638.7533874,199029680.6946722,584109024.2662095
2022-07-31,388584960.8540592,208562529.60483998,241364914.27718645,196660886.26252222,209165136.70119554,598368850.6741935
2022-08-31,385020988.2007454,204892417.72037026,236498385.87801337,193529500.2950191,206696189.15058064,588525214.7528647
2022-09-30,376025442.4136685,200476858.41241533,231876386.67731622,187732395.90939343,202238654.6102939,577582826.4546692
2022-10-31,375817267.7340806,201863704.87898642,232184422.1066902,189834349.22471762,206153507.5965796,540451164.5083103
2022-11-30,374899528.5429306,205221455.95612824,235129440.66324538,190892663.97933763,205483152.70928454,543048631.0822748
2022-12-31,358761842.82444596,197020861.88274568,224763288.00490603,184128426.06343558,194263432.59759623,520553408.43509245
2023-01-31,374296101.67627895,205762670.7935472,235046355.21739683,191000558.3895856,202244657.0122968,544092877.3406157
2023-02-28,379745106.7783834,205592954.81248212,235839867.4643919,191735486.36025935,205850059.65770966,550260717.5636544
2023-03-31,390987719.7946817,212135908.19227993,242953917.4211077,197421774.182957,210025803.64411533,567418260.2898926
2023-04-30,402042554.436415,215868529.18283734,247769444.46022874,201285885.85784167,215437972.5849558,582507433.4726012
2023-05-31,394893936.4992045,214562839.23878285,245889591.99599963,201003852.52540722,214800715.15606132,559092618.8608353
2023-06-30,397313552.9178016,213203195.75393605,243163190.0887354,200163852.1241166,216117824.035069,557451220.9318554
2023-07-31,394703258.33366567,212028941.55915594,241515388.35972902,199577123.90747702,214715270.8508641,525149502.1621176
2023-08-31,398469660.39817894,214027117.04083523,243481273.33085078,200873441.13664502,217898632.1986093,528046985.81876993
2023-09-30,390838406.35172784,210653858.8075989,240109083.11019653,197449643.47982258,213980050.11212823,500642596.00822777
2023-10-31,382369190.6795099,207386083.26176322,236632354.72668934,193584702.46328372,208945789.22495788,472089526.2706468
2023-11-30,396477116.1237789,217364158.5916533,248536478.2321279,201750961.65416563,219557473.528962,490280977.6538305
2023-12-31,418181854.39626765,226847635.0018442,259661687.37844986,210141038.17312685,229915530.813294,517960404.5172124
2024-01-31,420822277.35891753,225320079.43089634,258971313.15340918,210090689.29973242,232156778.489331,520720128.68777347
2024-02-29,425858745.4948533,228656215.78429487,263694309.5532536,211821513.51733553,236811226.89562383,526419244.55403817
2024-03-31,449884899.3695016,239025725.9157333,276587204.19322723,220593686.15519065,247692783.77003598,555277625.786182
2024-04-30,450541390.26078415,237619342.13492385,274789361.9191947,219789746.80019072,244950480.91004413,554688162.446031
2024-05-31,455096412.3194968,239688898.87387007,276801463.55720204,221349354.17373788,248274583.64324582,562399971.1337175
2024-06-30,467773982.6472205,245421632.43619514,282836585.3497167,227511625.39416376,256205244.3982333,581455846.0215132
2024-07-31,476732403.73888886,248633066.06410962,286960914.76086426,230040534.04764542,258029111.0392456,587044149.8293765
2024-08-31,473676498.2745691,247748345.8470865,285929993.16434175,228632732.78251353,256281887.11112982,593638243.5763851
2024-09-30,483163685.01002234,248438648.8718044,286663883.2023604,228634970.18193024,255969449.607366,587658811.7780915
2024-10-31,504370510.8009274,253906487.4231065,291671572.34740096,233752197.86993754,264107058.47297242,585535306.8982685
2024-11-30,508991955.06568015,254056617.26471618,292452203.7637406,235237310.4875101,268791158.977859,592466233.7568355
2024-12-31,523653376.6354033,255523364.93370602,295081811.3069942,237341958.76224715,274139556.59304327,606736516.5512323
2025-01-31,527778157.75484693,261405778.3063668,301952370.2960155,242392725.5798759,278357523.0416022,611100124.1262743
2025-02-28,535352748.2602745,263194224.028559,302837907.901184,244372517.66611123,277154909.8806125,619327225.2332448
2025-03-31,538520644.481097,264958213.14880925,303576954.9482668,246468957.28591454,273225082.9664176,622230796.655838
2025-04-30,534744708.8796872,266088912.2166077,304260096.26884294,247524222.4340251,270671743.7500545,617368759.0958507
2025-05-31,528084085.55904967,264529381.02357042,301029916.68671,247714505.81043908,272047444.0025436,575928447.4778446
2025-06-30,534697472.11431193,269583880.65580064,306032205.8413116,255554414.753051,278322737.57540673,572245510.6530216
2025-07-31,553731927.4425551,276648594.3539215,312825649.32547927,262827210.76502484,289001966.3065672,588376306.2712294
2025-08-31,562518729.7134771,279555975.0877479,315985761.8629773,265054379.3755968,291941003.4299929,590597526.3918005
2025-09-30,609065474.4349803,290313891.97564435,327389532.51935124,278238302.1643881,301618597.2304783,614895181.8056704
2025-10-31,627481791.1689811,303716524.42466486,341563891.74524,296688988.5247559,315895406.31882775,631732072.4103059
2025-11-30,636329579.0691212,305591053.66948086,344106210.4476862,298554543.878394,319354252.01298547,640383469.5846672
2025-12-31,643999672.9374915,311919866.9936499,351370176.37260175,305401497.28311104,322832060.0666284,643549080.4687661
2026-01-31,677542106.6766069,340444999.9405106,383766542.0026826,325896683.0175688,341981179.7681775,680048621.3119583
2026-02-28,690521088.0094908,364652965.5023783,410402539.5502421,343271473.3179941,360340587.5577189,692559829.6629267
2026-03-31,655227291.6234338,333078793.45414615,374466183.78606266,320464634.69200057,337458851.01362705,656760688.0065935
2026-04-30,682979803.7387938,367579448.1189135,415755877.58404297,343629404.1450223,371656347.9479317,684910090.9344789
2026-05-31,725216426.6136984,385628337.19368166,433754198.37121624,378740456.1269138,394507466.2451455,700952106.8087426
2026-06-30,724027750.8650639,385586642.6847603,433889495.86979806,380396597.2678678,398296880.8509446,736606318.9246422
2026-07-31,654170298.6973822,359355966.4689222,404992465.32074803,342474153.13208807,369237344.80337185,646457891.8151026
2026-08-31,649515596.1595094,357704493.66434646,402978862.1553243,340970824.4173535,364682447.9168867,621147114.9813856
