유형,리밸런싱,거래비용,시작,종료,초기자산_원,최종자산_원,누적수익률,CAGR,연환산변동성,MDD,최대손실회복기간_개월,Sharpe_현금초과,Sortino,Calmar,월간승률,최악연도,최악연도수익률,최고연도,최고연도수익률,평균리밸런싱회전율
성장형,연1회(매년1월),0bp,2000-01-31,2026-08-31,10000000.0,919919178.4639784,90.99191784639784,0.18478790700608028,1.7111635678899193,-0.8505236817453363,25,0.29160576873468114,1.8013546973472099,0.21726368233143384,0.646875,2022,-0.13932486587921156,2009,9.301012560124821,0.17863764685188865
성장형,연1회(매년1월),10bp/매매금액,2000-01-31,2026-08-31,10000000.0,915491436.1441476,90.54914361441476,0.184573562414297,1.7110336238935124,-0.8505236817453363,25,0.29150177198417204,1.8078305383583155,0.21701166748883308,0.64375,2022,-0.13944620406657982,2009,9.29750845158732,0.17863764685188868
성장형,매월,0bp,2000-01-31,2026-08-31,10000000.0,4442572689.381617,443.25726893816164,0.2568582359747682,1.6890155454078168,-0.1372596787921675,23,0.3050064160731308,9.176898160403788,1.8713305920210663,0.665625,2022,-0.13725967879216738,2009,8.088662106667726,0.04337961800377435
중립형,연1회(매년1월),0bp,2000-01-31,2026-08-31,10000000.0,643095998.833789,63.309599883378894,0.16898877993529515,1.4419177028293593,-0.8271052010667106,25,0.2891542164282544,1.5309007416188705,0.20431352591828916,0.65625,2022,-0.1144839156595594,2009,7.792443277670662,0.16959341229642796
중립형,연1회(매년1월),10bp/매매금액,2000-01-31,2026-08-31,10000000.0,640156997.4045337,63.01569974045337,0.16878799895199936,1.441820059518895,-0.8271052010667106,25,0.2890367258808171,1.5301868848269746,0.20407077447260022,0.65625,2022,-0.11459919641870875,2009,7.789894338839487,0.169593412296428
중립형,매월,0bp,2000-01-31,2026-08-31,10000000.0,2697438500.429491,268.7438500429491,0.23356115006509315,1.4144774347180538,-0.11405902863923534,23,0.30511021251618387,9.241809247970238,2.047721717882052,0.665625,2022,-0.11405902863923534,2009,6.614819129235247,0.04037099571899101
안정형,연1회(매년1월),0bp,2000-01-31,2026-08-31,10000000.0,378984341.3079483,36.898434130794826,0.14603609846364685,1.086676885610828,-0.7820497304441787,25,0.2842449207211236,1.1685637794585064,0.18673505376787627,0.675,2022,-0.08013591180569857,2009,5.822824658882824,0.1532549387363019
안정형,연1회(매년1월),10bp/매매금액,2000-01-31,2026-08-31,10000000.0,377418851.53904825,36.741885153904825,0.1458582200059364,1.0866139838603852,-0.7820497304441787,25,0.28410367851377377,1.1679330964665988,0.18650760217396112,0.675,2022,-0.0802382095124865,2009,5.8213123931298485,0.1532549387363019
안정형,매월,0bp,2000-01-31,2026-08-31,10000000.0,1279840806.547179,126.9840806547179,0.19954998113393274,1.0556099944926816,-0.08110990559851694,23,0.30526202290496013,9.280914874413885,2.4602418121613674,0.671875,2022,-0.08110990559851694,2009,4.798042548843075,0.03501384117706548
