,최신 K-올웨더 성장형,최신 K-올웨더 성장형,강환국 정적 원본,강환국 정적 원본,강환국 계절형 원본,강환국 계절형 원본
,CAGR10Y,MDD10Y,CAGR10Y,MDD10Y,CAGR10Y,MDD10Y
2009-12-31,0.10406275095404327,-0.12063031299840954,0.0839231715627975,-0.08269603888675447,0.09151551532404456,-0.09577069703258045
2010-01-31,0.10341805846963248,-0.12063031299840965,0.08571909960782276,-0.08269603888675447,0.09352811678914286,-0.06159287195991947
2010-02-28,0.10308528089030733,-0.12063031299840954,0.08844789092565875,-0.08269603888675447,0.09768805419912918,-0.06159287195991903
2010-03-31,0.10524037159232114,-0.12063031299840954,0.08938634219484021,-0.08269603888675436,0.098528312931077,-0.06159287195991914
2010-04-30,0.10740468426733396,-0.12063031299840932,0.0927462261309191,-0.08269603888675459,0.10408886993028243,-0.06159287195991925
2010-05-31,0.11034114671821049,-0.12063031299840965,0.09514460887326881,-0.08269603888675447,0.10840790279822587,-0.06159287195991925
2010-06-30,0.10998755518485881,-0.12063031299840954,0.09359250989643986,-0.08269603888675436,0.10770359968784615,-0.06159287195991914
2010-07-31,0.11076177462876835,-0.12063031299840965,0.09675424146069123,-0.08269603888675447,0.10952623487767399,-0.06159287195991936
2010-08-31,0.1124930625567162,-0.12063031299840943,0.09763413664650766,-0.0826960388867547,0.11161502070639573,-0.06159287195991936
2010-09-30,0.11801900857059011,-0.12063031299840943,0.10262247225745824,-0.08269603888675436,0.11461269728435353,-0.06159287195991925
2010-10-31,0.11931651506686469,-0.12063031299840976,0.10549106202530512,-0.08269603888675447,0.11678322555486909,-0.06159287195991903
2010-11-30,0.11417162762572675,-0.12063031299840965,0.10305667126104101,-0.08269603888675459,0.1165724731178912,-0.06159287195991925
2010-12-31,0.10939647510483397,-0.12063031299840954,0.0994057531500252,-0.08269603888675436,0.11587583214921171,-0.06159287195991947
2011-01-31,0.1020588667730018,-0.12063031299840965,0.09213115256274373,-0.08269603888675436,0.1076030700063102,-0.06159287195991914
2011-02-28,0.10779458714467527,-0.12063031299840965,0.0950521205546655,-0.08269603888675447,0.11192703641525426,-0.06159287195991925
2011-03-31,0.10868263349101515,-0.12063031299840965,0.09815905789229507,-0.08269603888675447,0.11648068843660742,-0.06159287195991936
2011-04-30,0.10870669242197262,-0.12063031299840943,0.09783528036766675,-0.0826960388867547,0.11503863553233473,-0.06159287195991925
2011-05-31,0.10957239535038887,-0.12063031299840943,0.09894515970342899,-0.08269603888675459,0.117301504055777,-0.06159287195991925
2011-06-30,0.10660408417372236,-0.12063031299840965,0.09695316672326548,-0.08269603888675459,0.11488374160382486,-0.06159287195991925
2011-07-31,0.10952533768533446,-0.12063031299840943,0.09882213822383101,-0.08269603888675436,0.11554886926672792,-0.06159287195991925
2011-08-31,0.1122475292756393,-0.12063031299840954,0.09991620460241246,-0.08269603888675459,0.11788476847929674,-0.06159287195991936
2011-09-30,0.11902927823474885,-0.12063031299840965,0.10296242485169982,-0.08269603888675459,0.1207447788038134,-0.06159287195991925
2011-10-31,0.1190195082229426,-0.12063031299840965,0.10236502412943893,-0.08269603888675481,0.11950966021137988,-0.06159287195991903
2011-11-30,0.11775306454589596,-0.12063031299840954,0.10029845034510831,-0.08269603888675447,0.11407803356612867,-0.06159287195991903
2011-12-31,0.11414612730842211,-0.12063031299840965,0.0969334706345697,-0.08269603888675436,0.1096585924547715,-0.06159287195991914
2012-01-31,0.1184247652366055,-0.12063031299840954,0.09844906628068162,-0.08269603888675459,0.11110017149899098,-0.06159287195991925
2012-02-29,0.11673445712498576,-0.12063031299840954,0.09655196881531669,-0.08269603888675447,0.1088556899492894,-0.06159287195991925
2012-03-31,0.11352323660947583,-0.12063031299840954,0.09385455945111576,-0.08269603888675447,0.10492454627682779,-0.06159287195991925
2012-04-30,0.11745186171209143,-0.0930141576808482,0.09692127886240831,-0.05950017826912146,0.1089612850094055,-0.05024541607550481
2012-05-31,0.12247952948281604,-0.07682058591929408,0.09815525115935664,-0.04974989186910561,0.11129238519223539,-0.05024541607550492
2012-06-30,0.12316027311291688,-0.07682058591929408,0.10080114746277613,-0.0497498918691055,0.11200079790733564,-0.050245416075505034
2012-07-31,0.12901295903501175,-0.0768205859192942,0.10478682886776913,-0.04974989186910561,0.11478517985269732,-0.05024541607550492
2012-08-31,0.12602007961397965,-0.07682058591929408,0.1020879046598473,-0.0497498918691055,0.11154923963129026,-0.05024541607550492
2012-09-30,0.12921787514608796,-0.07682058591929408,0.10499593450634648,-0.04974989186910561,0.11144181395809327,-0.05024541607550492
2012-10-31,0.1258999469986255,-0.07682058591929408,0.10122749201546277,-0.04974989186910561,0.1088347891650856,-0.050245416075505034
2012-11-30,0.12394628145125441,-0.07682058591929408,0.09913188935859951,-0.0497498918691055,0.10539696661281761,-0.05024541607550492
2012-12-31,0.12278069395871571,-0.07682058591929408,0.10003869775840446,-0.0497498918691055,0.10935034681550126,-0.03800853020947914
2013-01-31,0.12664893535217936,-0.07682058591929408,0.10221366628196793,-0.0497498918691055,0.11254295766073197,-0.03800853020947914
2013-02-28,0.12395397857131085,-0.07682058591929408,0.1021419916757591,-0.04974989186910561,0.1136949554338389,-0.03800853020947936
2013-03-31,0.12521881681794045,-0.07682058591929408,0.10316320556662117,-0.0497498918691055,0.11541761848397991,-0.03800853020947925
2013-04-30,0.12304038845338505,-0.07682058591929408,0.09936789283901426,-0.04974989186910561,0.10986921396783567,-0.03800853020947936
2013-05-31,0.1180406666274676,-0.07682058591929408,0.09529772765692401,-0.0497498918691055,0.10518218299903626,-0.03800853020947925
2013-06-30,0.11136708916044968,-0.07682058591929408,0.08949889263491229,-0.04974989186910561,0.09945484184702846,-0.056383656306216556
2013-07-31,0.11430591527150735,-0.07682058591929408,0.09166936862525588,-0.0497498918691055,0.10221556254371866,-0.05638365630621667
2013-08-31,0.11016915848681119,-0.07682058591929408,0.09003195636895778,-0.04974989186910561,0.10195951104791545,-0.05638365630621678
2013-09-30,0.10917242440719899,-0.07682058591929408,0.09035005624417702,-0.04974989186910561,0.10044062580100377,-0.06370946651119169
2013-10-31,0.10589389141077454,-0.07682058591929408,0.08722283793972219,-0.04974989186910572,0.09830906368078107,-0.0637094665111918
2013-11-30,0.1033199781939107,-0.07682058591929408,0.08521634115416088,-0.0497498918691055,0.09591926203630541,-0.0637094665111918
2013-12-31,0.09854440617514837,-0.07682058591929408,0.08331793834628964,-0.0497498918691055,0.09353052301405884,-0.06370946651119191
2014-01-31,0.10051810144332762,-0.07682058591929408,0.08298272856930566,-0.04974989186910572,0.09199055269378364,-0.06521538732694954
2014-02-28,0.10108306820335167,-0.07682058591929408,0.08387047412668558,-0.0497498918691055,0.09274747000013228,-0.06521538732694954
2014-03-31,0.10127459619750367,-0.07682058591929408,0.08282534135470043,-0.04974989186910561,0.09222583351715552,-0.06521538732694965
2014-04-30,0.10164602735767869,-0.07682058591929408,0.08388652048528167,-0.0497498918691055,0.09342169869301076,-0.06521538732694998
2014-05-31,0.1047686424303711,-0.07682058591929408,0.08610662739077846,-0.04974989186910561,0.09517704755665846,-0.06521538732694987
2014-06-30,0.1069670236708391,-0.07682058591929408,0.08725866870293886,-0.0497498918691055,0.0960581984596558,-0.06521538732694954
2014-07-31,0.10892676886664532,-0.07682058591929408,0.08894086749226782,-0.04974989186910561,0.09662584345869951,-0.06521538732694976
2014-08-31,0.10717723412790714,-0.0768205859192942,0.08563690634106602,-0.04974989186910561,0.09336910043680957,-0.06521538732694987
2014-09-30,0.1062205621906549,-0.07682058591929408,0.08360775841035317,-0.04974989186910572,0.09199805160545727,-0.06521538732694965
2014-10-31,0.11019878448516063,-0.07682058591929408,0.08537232751946444,-0.04974989186910561,0.09410042530662888,-0.06521538732694998
2014-11-30,0.11733150314643104,-0.07682058591929408,0.08805713211243837,-0.04974989186910572,0.09644868331548762,-0.06521538732694943
2014-12-31,0.11743513303989306,-0.07682058591929408,0.08680753125424068,-0.0497498918691055,0.09458897678833389,-0.06521538732694943
2015-01-31,0.12486347586675728,-0.07682058591929408,0.09151799385732651,-0.04974989186910561,0.09814684945582086,-0.06521538732694976
2015-02-28,0.12513204938945766,-0.07682058591929408,0.0906051070086622,-0.0497498918691055,0.09664070326251406,-0.06521538732694987
2015-03-31,0.12737374772131616,-0.07682058591929408,0.09225742460391917,-0.0497498918691055,0.0987410167411491,-0.06521538732694965
2015-04-30,0.128683843173359,-0.07682058591929408,0.09343033645042587,-0.04974989186910561,0.10129739889928269,-0.06521538732694976
2015-05-31,0.128585746191328,-0.07682058591929408,0.09152635606681714,-0.04974989186910572,0.099765075648659,-0.06521538732694965
2015-06-30,0.12127188240799702,-0.07682058591929408,0.0866852891626857,-0.04974989186910561,0.09541914876768853,-0.06521538732694954
2015-07-31,0.12220384523886363,-0.07682058591929408,0.0859792979535523,-0.04974989186910561,0.09657262936261168,-0.06521538732694998
2015-08-31,0.11865013711602179,-0.07682058591929408,0.08659364963934313,-0.0497498918691055,0.09817952454030698,-0.06521538732694976
2015-09-30,0.11424157721620132,-0.07682058591929408,0.08262715190669812,-0.0497498918691055,0.09559431558936615,-0.06521538732694954
2015-10-31,0.11957495260579964,-0.07682058591929397,0.08659464579943421,-0.04974989186910561,0.0979725822711559,-0.06521538732694998
2015-11-30,0.11406180978502989,-0.07682058591929408,0.08095400664434149,-0.0497498918691055,0.09132364176440388,-0.06521538732694987
2015-12-31,0.11392022026271187,-0.07682058591929408,0.08022876424561454,-0.0497498918691055,0.09015871902308148,-0.06521538732694987
2016-01-31,0.1146029915046669,-0.07682058591929408,0.0810814322753961,-0.04974989186910561,0.08965755583147428,-0.06521538732694976
2016-02-29,0.11745528951305562,-0.07682058591929408,0.08488606600919191,-0.04974989186910572,0.093575214629108,-0.06521538732694954
2016-03-31,0.11328948259598515,-0.07682058591929408,0.08235486538124248,-0.04974989186910561,0.09168920978331063,-0.06521538732694965
2016-04-30,0.11300457038750289,-0.0768205859192942,0.08192855641163721,-0.0497498918691055,0.09029469822866543,-0.06521538732694954
2016-05-31,0.11574278643314395,-0.07682058591929408,0.08458215887223974,-0.04974989186910561,0.09205162848766224,-0.06521538732694943
2016-06-30,0.1179920461833146,-0.07682058591929397,0.08707352982337113,-0.04974989186910561,0.09429308441589135,-0.06521538732694998
2016-07-31,0.11677289829519055,-0.07682058591929397,0.08594459829353696,-0.04974989186910561,0.09280511419839654,-0.06521538732694965
2016-08-31,0.11348262557998878,-0.07682058591929408,0.08341852687314799,-0.04974989186910561,0.0900679733461236,-0.06521538732694976
2016-09-30,0.11103086301135967,-0.07682058591929408,0.08317541091243097,-0.0497498918691055,0.0897374268169755,-0.06521538732694987
2016-10-31,0.10984631529267253,-0.07682058591929408,0.08216285891309161,-0.04974989186910561,0.08884175147137108,-0.06521538732694943
2016-11-30,0.10441385867101816,-0.07682058591929408,0.07881648601608271,-0.0497498918691055,0.08606954057296123,-0.06521538732694965
2016-12-31,0.1021329578177943,-0.07682058591929408,0.07965949491905544,-0.04974989186910561,0.08753337886259871,-0.06521538732694987
2017-01-31,0.09972347140589655,-0.07682058591929408,0.07948113680951696,-0.04974989186910561,0.08784998959662116,-0.06521538732694987
2017-02-28,0.10002134082310787,-0.07682058591929408,0.07887720522688335,-0.04974989186910561,0.08742077603084808,-0.06521538732694965
2017-03-31,0.09808305176353449,-0.07682058591929408,0.07785112974030417,-0.04974989186910561,0.08672928290230231,-0.06521538732694976
2017-04-30,0.09657573112713602,-0.07682058591929408,0.07862600667409692,-0.04974989186910561,0.08669652083815249,-0.06521538732694954
2017-05-31,0.09496251363217167,-0.0768205859192942,0.07795953983645765,-0.0497498918691055,0.08643805128250182,-0.06521538732694976
2017-06-30,0.09948246218853307,-0.0768205859192942,0.08092527755913581,-0.04974989186910572,0.08975925903636517,-0.06521538732694976
2017-07-31,0.0960170965881153,-0.07682058591929408,0.07838428919562057,-0.04974989186910572,0.0874365037609357,-0.06521538732694965
2017-08-31,0.09285694483345797,-0.07682058591929408,0.0769698273229753,-0.04974989186910561,0.08572039096674722,-0.06521538732694954
2017-09-30,0.09043090029606082,-0.0768205859192942,0.07596169466251279,-0.0497498918691055,0.08487307544318434,-0.06521538732694965
2017-10-31,0.08543152663234221,-0.07682058591929408,0.07362499836057834,-0.04974989186910561,0.08212883249860936,-0.06521538732694954
2017-11-30,0.0861944048533303,-0.07682058591929397,0.07366021769062625,-0.04974989186910561,0.08286172750261311,-0.06521538732694954
2017-12-31,0.08240822765074385,-0.07682058591929408,0.07188068037841955,-0.04974989186910561,0.08131097925790276,-0.06521538732694965
2018-01-31,0.08697367122053046,-0.07682058591929408,0.07327095337803624,-0.04974989186910561,0.08535333019562907,-0.06521538732694976
2018-02-28,0.08247829220261971,-0.07682058591929408,0.06924417508495107,-0.04974989186910561,0.08075188205532102,-0.06521538732694965
2018-03-31,0.07982902976121697,-0.07682058591929408,0.06700719236624009,-0.04974989186910561,0.07841394942678948,-0.06521538732694965
2018-04-30,0.07780404730834078,-0.07682058591929408,0.06540393626661456,-0.0497498918691055,0.07638162685779704,-0.06521538732694976
2018-05-31,0.07832189059596484,-0.07682058591929408,0.06430449596009313,-0.04974989186910561,0.07580906152034039,-0.06521538732694965
2018-06-30,0.0824685407940795,-0.07682058591929408,0.06793905259794908,-0.046246068026636666,0.07881638852922723,-0.06521538732694965
2018-07-31,0.08683442985466017,-0.07682058591929408,0.07093745898597215,-0.046246068026636555,0.0812308977740992,-0.06521538732694954
2018-08-31,0.08445391574972438,-0.07682058591929408,0.07034863924087098,-0.046246068026636666,0.0800776016155611,-0.06521538732694965
2018-09-30,0.07730172282837477,-0.07682058591929408,0.06501021255718231,-0.046246068026636666,0.07369996428514813,-0.06521538732694976
2018-10-31,0.08381486040280883,-0.07034015648428404,0.06844922188928249,-0.046029422507974704,0.07609721412105652,-0.06521538732694987
2018-11-30,0.06948377765399871,-0.07034015648428382,0.06041838307652592,-0.04602942250797459,0.07105539813626427,-0.06521538732694976
2018-12-31,0.07365785930593605,-0.07034015648428404,0.06054646926608909,-0.04602942250797448,0.07026352926726642,-0.06521538732694943
2019-01-31,0.07164420002492622,-0.07034015648428404,0.05933821721022614,-0.04602942250797459,0.07074057258088251,-0.06521538732694954
2019-02-28,0.07076333236442833,-0.07034015648428416,0.061347400185839396,-0.04602942250797459,0.07351167402751324,-0.06521538732694931
2019-03-31,0.07716701968020412,-0.07034015648428416,0.06308044663439949,-0.04602942250797459,0.0736907505154274,-0.06521538732694965
2019-04-30,0.08234968148170374,-0.07034015648428416,0.06522735421176318,-0.04602942250797459,0.07500682290090688,-0.06521538732694976
2019-05-31,0.07715928112407222,-0.07034015648428393,0.0633401961873803,-0.04602942250797459,0.07558631091999479,-0.06521538732694965
2019-06-30,0.07877535311356643,-0.07034015648428416,0.06725033360343824,-0.046029422507974704,0.07919442712553404,-0.06521538732694954
2019-07-31,0.07834802465945656,-0.07034015648428393,0.06485557326518121,-0.046029422507974815,0.07883545877647125,-0.06521538732694987
2019-08-31,0.0830081584905169,-0.07034015648428416,0.0657098817416728,-0.046029422507974704,0.08110301140847676,-0.06521538732694965
2019-09-30,0.08216054482859181,-0.07034015648428416,0.06403687660077906,-0.046029422507974704,0.07936056715760897,-0.06521538732694965
2019-10-31,0.08098759994216875,-0.07034015648428404,0.06389705888103547,-0.04602942250797459,0.07776005976770395,-0.06521538732694965
2019-11-30,0.0767207379307624,-0.07034015648428404,0.0622707447740567,-0.046029422507974704,0.07607182832930937,-0.06521538732694976
2019-12-31,0.07767649863823567,-0.07034015648428416,0.06244460797303919,-0.046029422507974704,0.076751204971784,-0.06521538732694954
2020-01-31,0.08385293198107302,-0.07034015648428404,0.06693909954868116,-0.04602942250797459,0.0814516070439113,-0.06521538732694976
2020-02-29,0.08283620724708385,-0.07034015648428404,0.06571947969873615,-0.046029422507974704,0.07850085627385273,-0.06521538732694976
2020-03-31,0.07568207180914399,-0.07034015648428393,0.060288984670405776,-0.046029422507974704,0.06981255816245735,-0.06654698962093386
2020-04-30,0.08063459533022677,-0.07034015648428404,0.06378409793779838,-0.046029422507974704,0.07448128202739879,-0.06654698962093397
2020-05-31,0.08112492405814731,-0.07034015648428393,0.06435251933554387,-0.046029422507974815,0.07287219414378332,-0.06654698962093386
2020-06-30,0.07907295797801384,-0.07034015648428393,0.06288308145068688,-0.04602942250797459,0.07058149684075321,-0.06654698962093397
2020-07-31,0.08693398680379238,-0.07034015648428427,0.06649160011776267,-0.046029422507974704,0.07406385186655973,-0.06654698962093386
2020-08-31,0.08509703709912175,-0.07034015648428404,0.06523824292558955,-0.04602942250797448,0.07116360438417679,-0.06654698962093386
2020-09-30,0.0790409557077163,-0.07034015648428393,0.0610595273163701,-0.046029422507974815,0.0684658601292496,-0.06654698962093397
2020-10-31,0.07463189754739474,-0.07034015648428404,0.05630335305584744,-0.046029422507974704,0.06420828110122367,-0.06654698962093397
2020-11-30,0.0755394335741828,-0.07034015648428393,0.057663992356071114,-0.046029422507974704,0.06728662753273018,-0.06654698962093397
2020-12-31,0.07720859736788577,-0.07034015648428404,0.05971988152611685,-0.04602942250797459,0.06932690948633136,-0.06654698962093397
2021-01-31,0.08221344079486248,-0.07034015648428404,0.06268341451121429,-0.046029422507974815,0.07244346070993157,-0.06654698962093397
2021-02-28,0.07908582786491203,-0.07034015648428393,0.06149955766555393,-0.046029422507974704,0.07227519393712845,-0.06654698962093386
2021-03-31,0.07744569131601065,-0.07034015648428416,0.05997071232633111,-0.04602942250797459,0.0709828947235811,-0.06654698962093386
2021-04-30,0.07872970129993329,-0.07034015648428393,0.05989621858727001,-0.046029422507974704,0.07093613573415625,-0.06654698962093386
2021-05-31,0.08119045895572774,-0.07034015648428404,0.0605247628602219,-0.04602942250797459,0.07084478679268513,-0.06654698962093397
2021-06-30,0.08388333287611083,-0.07034015648428404,0.062143455527043256,-0.046029422507974704,0.07131330669830027,-0.06654698962093386
2021-07-31,0.08650877886981423,-0.07034015648428382,0.06377407055870266,-0.046029422507974704,0.07334747891498128,-0.06654698962093397
2021-08-31,0.08711482761253597,-0.07034015648428404,0.06262353099989082,-0.046029422507974704,0.0696598881356516,-0.06654698962093397
2021-09-30,0.0802569327153968,-0.07034015648428404,0.05850001647237146,-0.04602942250797448,0.0639447850183259,-0.06654698962093408
2021-10-31,0.08068398881437089,-0.07034015648428404,0.05714986187050619,-0.046029422507974704,0.06399782162308942,-0.06654698962093408
2021-11-30,0.08168773889797332,-0.07034015648428382,0.057306417509777274,-0.04602942250797459,0.06413141978453663,-0.06654698962093408
2021-12-31,0.08499655892475522,-0.07034015648428393,0.05988387209107704,-0.046029422507974815,0.06723754614930288,-0.06654698962093397
2022-01-31,0.07646408165853047,-0.07034015648428393,0.05274162082918732,-0.046029422507974704,0.05829470731390374,-0.06654698962093386
2022-02-28,0.074233699545591,-0.07034015648428404,0.05170883729484266,-0.046029422507974704,0.056718986211387046,-0.06654698962093386
2022-03-31,0.07680152357802861,-0.07034015648428404,0.05285479779496871,-0.04602942250797459,0.05846492612402021,-0.06654698962093397
2022-04-30,0.07311796241521273,-0.07034015648428404,0.050823790255161816,-0.04602942250797459,0.05623353696009148,-0.06654698962093397
2022-05-31,0.06987916513972703,-0.0870262628036178,0.049679637216148986,-0.06081384303244697,0.05366447309016764,-0.06654698962093386
2022-06-30,0.06926777473776591,-0.09823356726673416,0.04642661887032973,-0.08943086224935282,0.05198040404552007,-0.07832080319946977
2022-07-31,0.07176464642158997,-0.09823356726673416,0.0483777286184357,-0.08943086224935293,0.05358871340572047,-0.07832080319946977
2022-08-31,0.06922234810820438,-0.09823356726673405,0.045840923245765275,-0.08943086224935293,0.05084705439687265,-0.07832080319946966
2022-09-30,0.06445599290152892,-0.09823356726673405,0.040923162674140645,-0.09886899033941055,0.04769679867217547,-0.08453818211999176
2022-10-31,0.06744647268235338,-0.09840865104246943,0.044544893777218375,-0.09886899033941077,0.04970700606431344,-0.08453818211999176
2022-11-30,0.06720525432734825,-0.1006103213391244,0.044724221334244696,-0.09886899033941043,0.05051003673230969,-0.08453818211999176
2022-12-31,0.06385312564078238,-0.13932487515328307,0.04172916293576967,-0.11616834333782322,0.04606066378982754,-0.11262112033856253
2023-01-31,0.06470206054185645,-0.1393248751532834,0.04401281088079467,-0.116168343337823,0.048963777927639285,-0.11262112033856242
2023-02-28,0.0672538206964084,-0.1393248751532834,0.04389821637013913,-0.11616834333782278,0.04838814980099815,-0.11262112033856242
2023-03-31,0.06747226339316481,-0.1393248751532834,0.04520889083357926,-0.11616834333782311,0.049743958013553025,-0.11262112033856231
2023-04-30,0.07122811824694453,-0.1393248751532833,0.048427105817859806,-0.11616834333782311,0.05325459757950668,-0.11262112033856253
2023-05-31,0.06842529048841972,-0.13932487515328318,0.04759442681011339,-0.11616834333782289,0.052569343288955794,-0.11262112033856264
2023-06-30,0.07545068232509,-0.13932487515328318,0.051595350485887925,-0.116168343337823,0.05594483646414017,-0.11262112033856242
2023-07-31,0.07358964257311196,-0.1393248751532835,0.05007052571217763,-0.11616834333782289,0.05470640834430052,-0.11262112033856231
2023-08-31,0.07640222692887733,-0.13932487515328318,0.05133040382049825,-0.11616834333782311,0.055788598544212364,-0.11262112033856242
2023-09-30,0.07513606221487867,-0.1393248751532834,0.05009454533198654,-0.11616834333782311,0.055433290891021336,-0.11262112033856242
2023-10-31,0.07082889920122604,-0.1393248751532833,0.04641785051803393,-0.116168343337823,0.05271052844348012,-0.11262112033856242
2023-11-30,0.07543415446894275,-0.1393248751532835,0.05166942478155323,-0.11616834333782311,0.05870555541723288,-0.11262112033856242
2023-12-31,0.081700098825787,-0.13932487515328318,0.05601691595679892,-0.11616834333782289,0.06346744159694806,-0.11262112033856231
2024-01-31,0.08070794700404793,-0.1393248751532833,0.05566966709051857,-0.116168343337823,0.06361634689080176,-0.11262112033856242
2024-02-29,0.0796865806625382,-0.13932487515328318,0.05424216074385457,-0.11616834333782311,0.0629909110379705,-0.11262112033856242
2024-03-31,0.085324776318771,-0.1393248751532833,0.05877816420428683,-0.116168343337823,0.06823903003555909,-0.11262112033856231
2024-04-30,0.08758648277643988,-0.13932487515328362,0.059701087827748855,-0.11616834333782311,0.0689520210179384,-0.11262112033856242
2024-05-31,0.08765136050706168,-0.13932487515328318,0.059847361893550666,-0.11616834333782311,0.06915901479288067,-0.1126211203385622
2024-06-30,0.08896725744499512,-0.1393248751532834,0.061570706601827396,-0.116168343337823,0.07035757413302579,-0.1126211203385622
2024-07-31,0.08874645376575341,-0.13932487515328318,0.0614298641255997,-0.116168343337823,0.07059111928231743,-0.11262112033856253
2024-08-31,0.08736143906274307,-0.1393248751532834,0.06063400724462431,-0.11616834333782289,0.07009251471604161,-0.11262112033856264
2024-09-30,0.08764819434423288,-0.1393248751532834,0.06035855996479955,-0.11616834333782311,0.06961419376303146,-0.11262112033856231
2024-10-31,0.08926976580087942,-0.1393248751532835,0.06108729385641998,-0.11616834333782311,0.06949542769101047,-0.11262112033856231
2024-11-30,0.08440898123683804,-0.13932487515328318,0.05916300190645063,-0.11616834333782322,0.0669744063289397,-0.11262112033856253
2024-12-31,0.08698083678781554,-0.1393248751532833,0.061138411586017405,-0.11616834333782311,0.0693265141661521,-0.11262112033856242
2025-01-31,0.08354802250693782,-0.1393248751532834,0.06021353555928455,-0.11616834333782278,0.06914250996127969,-0.11262112033856253
2025-02-28,0.08513061039338621,-0.13932487515328362,0.061230269762731826,-0.116168343337823,0.06899806657614271,-0.11262112033856231
2025-03-31,0.08472728246318129,-0.13932487515328318,0.06179177632412558,-0.11616834333782311,0.06901129534120676,-0.1126211203385622
2025-04-30,0.08453602896296952,-0.1393248751532834,0.0625143670902002,-0.11616834333782311,0.06911155022153048,-0.11262112033856231
2025-05-31,0.08103936845339743,-0.13932487515328318,0.0618459645324525,-0.11616834333782289,0.06721876454670439,-0.11262112033856253
2025-06-30,0.08457324291629487,-0.1393248751532834,0.06670991931741432,-0.11616834333782289,0.0702220059121581,-0.11262112033856242
2025-07-31,0.08711618940115007,-0.1393248751532835,0.06914633659794034,-0.11616834333782333,0.07181469259051831,-0.11262112033856242
2025-08-31,0.09071607413625538,-0.1393248751532834,0.06978206177134738,-0.11616834333782322,0.07146818822781653,-0.11262112033856253
2025-09-30,0.09981056443645264,-0.1393248751532835,0.0744947688160209,-0.11616834333782311,0.07457433571359084,-0.1126211203385622
2025-10-31,0.1014016082665623,-0.13932487515328318,0.08007269246570736,-0.11616834333782311,0.07889712797385573,-0.11262112033856242
2025-11-30,0.10475051427243809,-0.1393248751532833,0.08272126214158826,-0.11616834333782311,0.0817342791539637,-0.11262112033856253
2025-12-31,0.10485268141002724,-0.1393248751532835,0.08412471874019345,-0.11616834333782278,0.08329341893559561,-0.11262112033856242
2026-01-31,0.10962940736428606,-0.1393248751532834,0.08982610432641058,-0.11616834333782311,0.09242651078110087,-0.11262112033856242
2026-02-28,0.10678315546751493,-0.1393248751532833,0.09108965452506701,-0.11616834333782322,0.09567174242617615,-0.11262112033856242
2026-03-31,0.10383515419761902,-0.1393248751532833,0.08570299944083648,-0.116168343337823,0.08691375366681497,-0.11262112033856253
2026-04-30,0.1070665548284857,-0.13932487515328318,0.09216960827504006,-0.11616834333782333,0.09729133125948497,-0.1126211203385622
2026-05-31,0.11129970482600182,-0.13932487515328318,0.10174520660868347,-0.11616834333782322,0.10073809956510771,-0.11262112033856253
2026-06-30,0.10956017120401285,-0.13932487515328307,0.10068625845811008,-0.11616834333782289,0.09911360415673998,-0.11262112033856253
2026-07-31,0.09795542933839663,-0.13932487515328318,0.088723968197987,-0.11616834333782278,0.0914802558541874,-0.1126211203385622
2026-08-31,0.09722773259593054,-0.1393248751532833,0.08852321292512189,-0.11616834333782267,0.0914193728595063,-0.11262112033856242
