Year,Strategy,Annual_Return,Annual_MDD,Year_End_NAV
1990,닻과 돛(해자기업),-0.06101895226068754,-0.12747216243107662,9389.810477393125
1990,닻과 돛(NASDAQ 40%),-0.06101895226068754,-0.1274721624310765,9389.810477393125
1990,S&P500 100%,-0.08193166621445036,-0.19918693134699073,9180.683337855497
1991,닻과 돛(해자기업),0.22047705881560997,-0.03212109823456166,11460.04827428476
1991,닻과 돛(NASDAQ 40%),0.22047705881560997,-0.032121098234561773,11460.04827428476
1991,S&P500 100%,0.26306703045261104,-0.05671979564257179,11595.818441070907
1992,닻과 돛(해자기업),0.055416329481801974,-0.07158992408792164,12095.12208532988
1992,닻과 돛(NASDAQ 40%),0.055416329481801974,-0.07158992408792164,12095.12208532988
1992,S&P500 100%,0.044642631759748586,-0.0624331337775581,12113.486293688538
1993,닻과 돛(해자기업),0.12171516163590801,-0.037894420958387576,13567.281824951846
1993,닻과 돛(NASDAQ 40%),0.12171516163590756,-0.03789442095838769,13567.281824951842
1993,S&P500 100%,0.07055156263296847,-0.04994188130946886,12968.11168064131
1994,닻과 돛(해자기업),-0.006485100943800282,-0.060815342690440866,13479.296632784046
1994,닻과 돛(NASDAQ 40%),-0.006485100943800504,-0.06081534269044098,13479.29663278404
1994,S&P500 100%,-0.015392910291471718,-0.08937756550262566,12768.494700891411
1995,닻과 돛(해자기업),0.18035576395809572,-0.03681062156996029,15910.3654746076
1995,닻과 돛(NASDAQ 40%),0.18035576395809594,-0.0368106215699604,15910.365474607595
1995,S&P500 100%,0.34110655477086915,-0.02533416966357649,17123.91193792258
1996,닻과 돛(해자기업),0.11941883045323931,-0.08618928003631654,17810.362711668837
1996,닻과 돛(NASDAQ 40%),0.09270036189290787,-0.0747434179126476,17385.262111952146
1996,S&P500 100%,0.20263666170303418,-0.07643215959256977,20593.84428831995
1997,닻과 돛(해자기업),0.18728371500925078,-0.18657942473833333,21145.95360597241
1997,닻과 돛(NASDAQ 40%),0.03779175309305871,-0.09476333720348984,18042.28164514515
1997,S&P500 100%,0.3100818174657092,-0.10795223920774999,26979.620953848014
1998,닻과 돛(해자기업),0.09630687236254643,-0.2011314837485335,23182.45426088712
1998,닻과 돛(NASDAQ 40%),0.1709147174561645,-0.13409993814857557,21125.97311478968
1998,S&P500 100%,0.2666858915596555,-0.1933599921661051,34174.705221866534
1999,닻과 돛(해자기업),0.735524263042612,-0.07212526927154173,40233.71184664518
1999,닻과 돛(NASDAQ 40%),0.35836077146265555,-0.06139538947751866,28696.693138105027
1999,S&P500 100%,0.19526046658878426,-0.12078686729338572,40847.67410902236
2000,닻과 돛(해자기업),-0.07790756626905093,-0.3184868750987824,37099.20127470277
2000,닻과 돛(NASDAQ 40%),-0.15241060398050787,-0.2446233619678504,24323.012804683145
2000,S&P500 100%,-0.1013918466585837,-0.1719979426117838,36706.05299940056
2001,닻과 돛(해자기업),0.33161928582629163,-0.23472098454327994,49402.01190614555
2001,닻과 돛(NASDAQ 40%),-0.06674354890060119,-0.19736168898798478,22699.608610143827
2001,S&P500 100%,-0.13042693172742437,-0.2969506369341842,31918.595130864527
2002,닻과 돛(해자기업),-0.1375663409283936,-0.2576766670986279,42605.95789371617
2002,닻과 돛(NASDAQ 40%),-0.04399648748822227,-0.1463559625498102,21700.90556394009
2002,S&P500 100%,-0.2336596395710353,-0.3375237709732707,24460.50769697292
2003,닻과 돛(해자기업),0.383741515385138,-0.0806991831423951,58955.63274028619
2003,닻과 돛(NASDAQ 40%),0.2531581348263887,-0.05635379234557003,27194.666340550764
2003,S&P500 100%,0.2638039993282002,-0.14053409661238037,30913.287453032597
2004,닻과 돛(해자기업),0.005987755585804555,-0.17824096953758772,59308.64465954148
2004,닻과 돛(NASDAQ 40%),0.05255143462105982,-0.08965492575688594,28623.785070787755
2004,S&P500 100%,0.08993452410946601,-0.08164907105058195,33693.45924878021
2005,닻과 돛(해자기업),0.2833740033023875,-0.07398575897900606,76115.17272715451
2005,닻과 돛(NASDAQ 40%),0.06803871942284978,-0.05489340870041126,30571.31075203904
2005,S&P500 100%,0.030010226581274058,-0.07166354179327195,34704.607595143025
2006,닻과 돛(해자기업),0.24031929427838228,-0.13429195279968464,94407.11732082145
2006,닻과 돛(NASDAQ 40%),0.12215256017351273,-0.103868783198239,34305.67462826065
2006,S&P500 100%,0.13619431738260723,-0.0769898530710843,39431.17793659477
2007,닻과 돛(해자기업),0.21227595733331328,-0.07516922230097478,114447.47852917724
2007,닻과 돛(NASDAQ 40%),0.14816200300296356,-0.050142910823254616,39388.47209555169
2007,S&P500 100%,0.03529573066347913,-0.10090409944571299,40822.93017278854
2008,닻과 돛(해자기업),-0.17561979194660804,-0.2759465208977504,94348.23616106925
2008,닻과 돛(NASDAQ 40%),-0.14668885588592262,-0.2394522102140747,33610.62218876062
2008,S&P500 100%,-0.38485793060906726,-0.48756435073974513,25111.90174509069
2009,닻과 돛(해자기업),0.43413186900436695,-0.06942473716054165,135307.81226293964
2009,닻과 돛(NASDAQ 40%),0.24414450926790687,-0.07516478332752274,41816.47104922461
2009,S&P500 100%,0.23454190488340587,-0.27620624750026546,31001.695015629182
2010,닻과 돛(해자기업),0.092186486806904,-0.0891684417475388,147781.36411298817
2010,닻과 돛(NASDAQ 40%),0.1557042654921954,-0.06532768609579487,48327.47395941978
2010,S&P500 100%,0.12782713853760153,-0.15994677274011782,34964.552979292486
2011,닻과 돛(해자기업),0.0429139610511704,-0.08182964738014031,154123.2478166218
2011,닻과 돛(NASDAQ 40%),0.02006961255731121,-0.06878455895751567,49297.38763765889
2011,S&P500 100%,-3.183666393891116e-05,-0.19388242072358508,34963.43982456951
2012,닻과 돛(해자기업),0.1037800979542376,-0.07986537583814524,170118.17357205602
2012,닻과 돛(NASDAQ 40%),0.08928060189349751,-0.06649489277221765,53698.68807772614
2012,S&P500 100%,0.13405690926620917,-0.09936294686452485,39650.53050476639
2013,닻과 돛(해자기업),0.061888688903367406,-0.06641303418711275,180646.56429306607
2013,닻과 돛(NASDAQ 40%),0.07076896691576806,-0.05702387062692427,57498.88875771889
2013,S&P500 100%,0.29601249573324084,-0.057555936154791154,51387.58299662929
2014,닻과 돛(해자기업),0.06821971973728447,-0.06282823926068393,192970.22228064237
2014,닻과 돛(NASDAQ 40%),0.05195973622938199,-0.04662089709354389,60486.515851052536
2014,S&P500 100%,0.11390633786748161,-0.07401459519995723,57240.95438763659
2015,닻과 돛(해자기업),0.06435197338324783,-0.06429404615651602,205388.2368886057
2015,닻과 돛(NASDAQ 40%),-0.013504639688509013,-0.06792562335863084,59669.66724847078
2015,S&P500 100%,-0.007265997205823771,-0.1235252506376443,56825.04177299734
2016,닻과 돛(해자기업),0.3144590731332033,-0.03996395917117679,269974.43149305944
2016,닻과 돛(NASDAQ 40%),0.054416960057394714,-0.050690099174185654,62916.70914776885
2016,S&P500 100%,0.09535022667283721,-0.10512049840551418,62243.32238674608
2017,닻과 돛(해자기업),0.24844242143298034,-0.05220824515258338,337047.5329781874
2017,닻과 돛(NASDAQ 40%),0.15351982629374095,-0.029333579383873376,72575.67140710815
2017,S&P500 100%,0.19419965523287863,-0.02796791718481173,74330.95413480108
2018,닻과 돛(해자기업),-0.03897981268986239,-0.1396808941753318,323909.4832751174
2018,닻과 돛(NASDAQ 40%),-0.011712742518890873,-0.09226662062891344,71725.61125478106
2018,S&P500 100%,-0.06237259849620769,-0.1977821043568203,69694.7393767111
2019,닻과 돛(해자기업),0.3234850368508275,-0.07183882963323496,428689.3544087013
2019,닻과 돛(NASDAQ 40%),0.20216886080830143,-0.036987820793143666,86226.29637293924
2019,S&P500 100%,0.2887807022515845,-0.06836108044673828,89821.2351571589
2020,닻과 돛(해자기업),0.3866598950861291,-0.15176984701091312,594446.3352089102
2020,닻과 돛(NASDAQ 40%),0.24930326651627754,-0.1439661163031405,107722.79371831364
2020,S&P500 100%,0.16258923055706065,-0.33924960002653304,104425.20066904616
2021,닻과 돛(해자기업),0.25758344594026905,-0.09082956494847638,747565.8706585856
2021,닻과 돛(NASDAQ 40%),0.07394157642240051,-0.06651935212145366,115687.98690247082
2021,S&P500 100%,0.26892738661371407,-0.052125375901048265,132507.9969815854
2022,닻과 돛(해자기업),-0.145578699360853,-0.22030702921399303,638736.203521545
2022,닻과 돛(NASDAQ 40%),-0.12340934778501933,-0.16405412821877352,101411.00789227504
2022,S&P500 100%,-0.1944282720342918,-0.25425096619230325,106744.6960977306
2023,닻과 돛(해자기업),0.4467263158401782,-0.07257598284976208,924076.4745144672
2023,닻과 돛(NASDAQ 40%),0.23596734424327837,-0.06044546940224316,125340.69410164932
2023,S&P500 100%,0.24230500797629784,-0.10276617093291396,132609.4705371187
2024,닻과 돛(해자기업),0.3818693424255519,-0.1226596155733587,1276952.950188229
2024,닻과 돛(NASDAQ 40%),0.20600309261399063,-0.05912008759413401,151161.26471697327
2024,S&P500 100%,0.23309002343423924,-0.08485144350207396,163519.41513221775
2025,닻과 돛(해자기업),0.4343913609728618,-0.0929350223808123,1831650.280118805
2025,닻과 돛(NASDAQ 40%),0.2946622617378112,-0.08447697038448576,195702.7848656246
2025,S&P500 100%,0.16387806380067693,-0.18902206184283965,190316.6602779047
2026,닻과 돛(해자기업),0.1326873021038364,-0.05670317564826299,2074687.0141855052
2026,닻과 돛(NASDAQ 40%),0.05647405151593543,-0.05359145317995584,206754.91401993792
2026,S&P500 100%,0.014700150874662032,-0.025856840246254675,193114.3438979517
