Date,Strategy_Gross,Strategy_Net,KOSPI,SP500
1996-06-30,-0.02429099170073379,-0.024290991700733677,-0.10492198193265811,-0.02429099170073379
1996-07-31,-0.07633685785179889,-0.07633685785179878,-0.11902545852723789,-0.07633685785179889
1996-08-31,-0.04189019339644673,-0.04189019339644673,-0.17508896797153017,-0.04189019339644673
1996-09-30,-0.042745121006488196,-0.042745121006488196,-0.16851902545852726,-0.042745121006488085
1996-10-31,-0.019076555835335185,-0.019076555835334963,-0.1709937038050916,-0.019076555835335185
1996-11-30,-0.009918105456130144,-0.009918105456130144,-0.21601970982753904,-0.009918105456130144
1996-12-31,-0.047620368324897355,-0.04762036832489758,-0.28692033944702977,-0.047620368324897355
1997-01-31,-0.026976789825357117,-0.026976789825356895,-0.330906104571585,-0.026976789825356895
1997-02-28,-0.031202111245658082,-0.031202111245658193,-0.2670024637284424,-0.031202111245658082
1997-03-31,-0.07248647478577053,-0.07248647478577053,-0.3241062140706269,-0.07248647478577053
1997-04-30,-0.09633825690635511,-0.09633825690635522,-0.26308239802901723,-0.09633825690635511
1997-05-31,-0.021756911402229462,-0.021756911402229684,-0.26405693950177933,-0.021756911402229462
1997-06-30,-0.022343403601977507,-0.022343403601977507,-0.19142622502053108,-0.022343403601977507
1997-07-31,-0.02525120248553747,-0.025251202485537583,-0.20505885573501226,-0.025251202485537583
1997-08-31,-0.06336433288591248,-0.06336433288591248,-0.23857651245551603,-0.06336433288591248
1997-09-30,-0.06336433288591248,-0.06336433288591248,-0.31555433889953455,-0.06336433288591248
1997-10-31,-0.10795223920774999,-0.10795223920774999,-0.48448946071721866,-0.10795223920774999
1997-11-30,-0.07848479689942023,-0.07848479689942023,-0.553397207774432,-0.07848479689942023
1997-12-31,-0.05193178113356678,-0.05193178113356678,-0.6160087599233506,-0.05193178113356678
1998-01-31,-0.05702434141322221,-0.05702434141322199,-0.5879441554886394,-0.05702434141322199
1998-02-28,-0.007301477592359662,-0.007301477592359662,-0.4834601697235149,-0.007301477592359662
1998-03-31,-0.016130843888965574,-0.016130843888965574,-0.4732658089241718,-0.016130843888965463
1998-04-30,-0.04018438280930814,-0.04018438280930803,-0.559386805365453,-0.04018438280930803
1998-05-31,-0.03513373379183926,-0.03513373379183948,-0.6583739392280317,-0.03513373379183926
1998-06-30,-0.047349078712209836,-0.047349078712209725,-0.693402682726526,-0.047349078712209836
1998-07-31,-0.055681446011954905,-0.055681446011954794,-0.6700027374760471,-0.055681446011955016
1998-08-31,-0.1933599921661049,-0.1933599921661049,-0.681193539556529,-0.193359992166105
1998-09-30,-0.1793637963779755,-0.1793637963779755,-0.6803394470298385,-0.1793637963779755
1998-10-31,-0.19153991789222136,-0.19153991789222136,-0.6657870243635369,-0.19153991789222147
1998-11-30,-0.06396463802796493,-0.06396463802796493,-0.5612373391732823,-0.06396463802796504
1998-12-31,-0.04288242916583018,-0.04288242916583018,-0.5116780728168628,-0.04288242916583018
1999-01-31,-0.17118339964115759,-0.17118339964115759,-0.41830823980290166,-0.04932987169544267
1999-02-28,-0.15196360354999439,-0.15408369454111903,-0.45423487544483987,-0.04962333099394811
1999-03-31,-0.1454367167172652,-0.1475731249254718,-0.43053928278127573,-0.04230878530577342
1999-04-30,-0.07705119426556117,-0.08166016986419711,-0.30261155214891866,-0.050896877122941886
1999-05-31,-0.1457064256238947,-0.14570642562389458,-0.23832466465918423,-0.06299542303293781
1999-06-30,-0.07432697976026725,-0.07432697976026714,-0.1746838215165617,-0.054052502835834404
1999-07-31,-0.150778749525746,-0.15077874952574577,-0.150778749525746,-0.06347711183838878
1999-08-31,-0.15467006508225278,-0.15467006508225267,-0.15467006508225267,-0.0968085064278823
1999-09-30,-0.1865399394900431,-0.1865399394900431,-0.18653993949004322,-0.10601363923499008
1999-10-31,-0.22995729281176758,-0.22995729281176736,-0.22995729281176747,-0.12078686729338572
1999-11-30,-0.14726683723599876,-0.14726683723599865,-0.14726683723599865,-0.0500712144205373
1999-12-31,-0.07720370064109439,-0.07720370064109427,-0.07720370064109416,-0.02102142179332711
2000-01-31,-0.16382761746487395,-0.16382761746487384,-0.16382761746487395,-0.07424874311404639
2000-02-29,-0.22664866294002117,-0.22664866294002117,-0.22664866294002117,-0.09248937529245371
2000-03-31,-0.21780102734552043,-0.21780102734552043,-0.21780102734552054,-0.07733878161157914
2000-04-30,-0.3465119353376642,-0.3465119353376642,-0.34651193533766433,-0.1118850292081357
2000-05-31,-0.35345498523137475,-0.3550713477682962,-0.38063718084302767,-0.10055908469879848
2000-06-30,-0.3216326953271318,-0.32332861358881393,-0.30267978546608254,-0.056289515056079376
2000-07-31,-0.3317930354774974,-0.3334635528888036,-0.345964269527119,-0.07042406939625434
2000-08-31,-0.323223341630377,-0.32491528327630104,-0.37105302915848315,-0.05850234221309247
2000-09-30,-0.3286494280158272,-0.33032780444578735,-0.4775929143375133,-0.06605084076083734
2000-10-31,-0.3741992212832642,-0.375763723230056,-0.5234079921438284,-0.12941742284314683
2000-11-30,-0.3811783262740064,-0.3827253804583213,-0.5191588608551141,-0.1391264027864887
2000-12-31,-0.40480737165126224,-0.40629535322213395,-0.5273077504154706,-0.17199794261178336
2001-01-31,-0.3960870521185951,-0.3975968344882984,-0.508092234476507,-0.159866672548572
2001-02-28,-0.4164783920658641,-0.41793719608569924,-0.45593178727904515,-0.18823407937631342
2001-03-31,-0.47406158058559567,-0.4753764266341316,-0.5059487838042,-0.26834091587660536
2001-04-30,-0.48080532576181234,-0.4821033124474078,-0.5361742710379211,-0.27772247508022085
2001-05-31,-0.41378177867713084,-0.41524732423043786,-0.4595105000755402,-0.18448268641963939
2001-06-30,-0.4313070944245767,-0.4327288266885151,-0.44924648738480133,-0.208863024488546
2001-07-31,-0.44861595037677426,-0.4499944105008322,-0.5050139749206829,-0.23294223457422358
2001-08-31,-0.46867312189809884,-0.47000143909335346,-0.48527912071309864,-0.2608447630902764
2001-09-30,-0.5395534813177512,-0.5418528361204206,-0.5573727149116181,-0.36770847518635086
2001-10-31,-0.5288271480469726,-0.531180067476413,-0.5470614896510047,-0.32008034554915576
2001-11-30,-0.4655594625185068,-0.46822832495255484,-0.4862422571385405,-0.29025964456668585
2001-12-31,-0.367657114798864,-0.37081487708183714,-0.39212872035050617,-0.2671624569486081
2002-01-31,-0.3040947497849372,-0.3075699266281985,-0.3310262124187944,-0.2794311845837817
2002-02-28,-0.285195972117375,-0.28876552473161377,-0.312858815531047,-0.29283249867816963
2002-03-31,-0.19455256238958696,-0.19857476553115372,-0.22572329657047896,-0.25904438856634315
2002-04-30,-0.176361015487131,-0.18047406266604193,-0.2082357606889258,-0.30246947323061735
2002-05-31,-0.21772419259633302,-0.22163068240955486,-0.2479981870373169,-0.31291816671237926
2002-06-30,-0.3105776984650781,-0.314020501083368,-0.3372582716422421,-0.36264775889814005
2002-07-31,-0.3145362262197702,-0.3179592609400851,-0.341063604774135,-0.4777604437386158
2002-08-31,-0.3381695209537384,-0.3414745369084754,-0.36378229339779433,-0.4536027150108144
2002-09-30,-0.36504429002777694,-0.3682151001044506,-0.3896170116331773,-0.46625112922993717
2002-10-31,-0.42631797770462376,-0.42918280230346106,-0.4485194138087325,-0.4914694789846553
2002-11-30,-0.363836104137387,-0.3670129475923508,-0.38845558241426204,-0.4263744878107101
2002-12-31,-0.38357962966327075,-0.3866578788876396,-0.4074350355038526,-0.42689167192521793
2003-01-31,-0.42699574052118383,-0.4298571805419561,-0.449170947273002,-0.4470493453503218
2003-02-28,-0.43496190927814493,-0.437783568243687,-0.45682882610666264,-0.46488286696856185
2003-03-31,-0.4590655523193252,-0.4631124266081368,-0.5134839099561868,-0.475776779132534
2003-04-30,-0.42005244538498565,-0.42439118708962953,-0.49146396736667186,-0.4379689141299351
2003-05-31,-0.3809920448882922,-0.3856230078244708,-0.4378116029611724,-0.40011521661715
2003-06-30,-0.3467415687358206,-0.35162876858187864,-0.398568514881402,-0.36692284922055163
2003-07-31,-0.3387700676866261,-0.3437169044494628,-0.36286636954222695,-0.3591976138004844
2003-08-31,-0.34778190341040605,-0.35266132023642427,-0.3377964949388126,-0.3679310445688595
2003-09-30,-0.3271708576548561,-0.3322044711889808,-0.3427443722616711,-0.34795674114309716
2003-10-31,-0.312139833771063,-0.3172858983874781,-0.3349731832603112,-0.3333900745403643
2003-11-30,-0.316867463818575,-0.3236732143793808,-0.2883649342801028,-0.3232883015934209
2003-12-31,-0.2775738595105095,-0.2865591473709034,-0.2589515032482249,-0.30665937182528946
2004-01-31,-0.236862697430394,-0.2482384508805252,-0.22452409729566403,-0.2742985028632732
2004-02-29,-0.22363049911488964,-0.23520349914847782,-0.21107795739537705,-0.2624880204127691
2004-03-31,-0.21127177456459412,-0.22302900069087728,-0.1985194138087325,-0.28552630905960474
2004-04-30,-0.19822542173104873,-0.21017712412360579,-0.18526212418794374,-0.27507098245082373
2004-05-31,-0.32261180280643,-0.33270933190814767,-0.31165961625623206,-0.29025964456668585
2004-06-30,-0.3134960819163247,-0.32372949507588744,-0.302396510046835,-0.2689562782627153
2004-07-31,-0.3210971621284614,-0.33121726931522355,-0.31012048647832,-0.2902793041961641
2004-08-31,-0.3448154973630384,-0.356195590602821,-0.3205261368786826,-0.30392284730253893
2004-09-30,-0.31998793447513896,-0.33179926499151136,-0.22963249735609614,-0.277545698249302
2004-10-31,-0.33566401118941325,-0.3488350516486578,-0.23691267563076002,-0.2832545030141568
2004-11-30,-0.3154345444784634,-0.33068413513142925,-0.21092687717177827,-0.2598758470423286
2004-12-31,-0.2872407877846781,-0.3031184312338838,-0.2028629702371959,-0.22939391120496577
2005-01-31,-0.2867448833958366,-0.30437698982933437,-0.17770811300800715,-0.2381142355536886
2005-02-28,-0.24530132441810182,-0.26395794119280447,-0.12992899229490862,-0.2247521608010643
2005-03-31,-0.21744568329492464,-0.23679090870014874,-0.09781500226620332,-0.23706020769519454
2005-04-30,-0.2536064170669997,-0.2720577268286626,-0.1395037014654782,-0.2552996287366882
2005-05-31,-0.25154242954478834,-0.27004476235111197,-0.13712418794379821,-0.24446461554395793
2005-06-30,-0.20592994338925374,-0.22555984498810122,-0.0845388276174649,-0.2204771503958458
2005-07-31,-0.16619818358668614,-0.18681027879525403,-0.03873319232512473,-0.21802209422684582
2005-08-31,-0.12922659757374233,-0.1507526531934168,-0.05933358107271147,-0.21104316551362134
2005-09-30,-0.09383576390915882,-0.11623670276684672,-0.021102086319477742,-0.20770430510722004
2005-10-31,-0.08322148729777301,-0.08879807982880705,-0.08322148729777301,-0.22954447519658028
2005-11-30,-0.04445980374034575,-0.050272176355687814,-0.04445980374034575,-0.2125750981862633
2005-12-31,-0.012439447401471182,-0.012439447401471293,-0.012439447401471293,-0.18276742370625254
2006-01-31,-0.08746720683082587,-0.08746720683082598,-0.08746720683082587,-0.18276742370625254
2006-02-28,-0.08295880544946854,-0.08295880544946876,-0.08295880544946865,-0.17851854622314545
2006-03-31,-0.07874580634270889,-0.07874580634270889,-0.07874580634270889,-0.1670943834836096
2006-04-30,-0.029568361009713162,-0.029568361009713162,-0.02956836100971305,-0.15851806991667516
2006-05-31,-0.1153410254659657,-0.11534102546596592,-0.1153410254659657,-0.17734016721234125
2006-06-30,-0.17808424933433487,-0.17808424933433487,-0.17808424933433475,-0.19887265610864646
2006-07-31,-0.15790264217928585,-0.15790264217928596,-0.15790264217928585,-0.1918020623750495
2006-08-31,-0.12107598825698107,-0.12107598825698107,-0.12107598825698096,-0.17120580339475444
2006-09-30,-0.09330238274049296,-0.09330238274049307,-0.09330238274049296,-0.15282884486410553
2006-10-31,-0.09920120161125134,-0.09920120161125157,-0.09920120161125145,-0.1284092674534355
2006-11-30,-0.06168498668669353,-0.061684986686693755,-0.06168498668669353,-0.1068177996686952
2006-12-31,-0.02410852713038214,-0.026548255812556265,-0.05988939714617336,-0.08559962509246422
2007-01-31,-0.015025331977403078,-0.0174877686474596,-0.07435652352017474,-0.07708876370659767
2007-02-28,-0.041543360474285196,-0.041543360474285196,-0.055847613845838584,-0.0840741657124554
2007-03-31,-0.05861562496262873,-0.05861562496262862,-0.06386264225900151,-0.10038886107770562
2007-04-30,-0.02406692123626808,-0.024066921236267858,-0.013632394531402525,-0.06737323055342981
2007-05-31,-0.013956277330703482,-0.013956277330703593,-0.010213168760158653,-0.026946638970564152
2007-06-30,-0.04134745692397046,-0.04134745692397057,-0.04134745692397046,-0.031484349664599676
2007-07-31,-0.060372613784913876,-0.060372613784913876,-0.06037261378491399,-0.06297804317293842
2007-08-31,-0.18268952510203473,-0.18268952510203473,-0.18268952510203473,-0.09425142878970871
2007-09-30,-0.0951492351139096,-0.0951492351139096,-0.09514923511390982,-0.06527674540359751
2007-10-31,-0.07530417466061157,-0.07530417466061157,-0.07530417466061146,-0.041222897821187376
2007-11-30,-0.14140010170230288,-0.14140010170230266,-0.14140010170230277,-0.10090409944571344
2007-12-31,-0.10898128193331236,-0.10898128193331236,-0.10898128193331247,-0.07619077924791462
2008-01-31,-0.23042351744678802,-0.23042351744678802,-0.23042351744678802,-0.16270007375771822
2008-02-29,-0.20973436327093975,-0.20973436327093986,-0.20973436327093975,-0.15250938856902774
2008-03-31,-0.23750393491052624,-0.23750393491052624,-0.23750393491052613,-0.186423042357302
2008-04-30,-0.17560597622103313,-0.17560597622103302,-0.17560597622103302,-0.1513146180435072
2008-05-31,-0.1279850836622517,-0.1279850836622516,-0.12798508366225148,-0.12089574018564908
2008-06-30,-0.18884180448943022,-0.1888418044894301,-0.1888418044894301,-0.1832220650148899
2008-07-31,-0.2699711843475313,-0.2699711843475313,-0.2699711843475313,-0.22377406943177391
2008-08-31,-0.24780506979002948,-0.2496855571155544,-0.2860740489623943,-0.20198703620554792
2008-09-30,-0.33367743954708096,-0.3353432459482131,-0.327917282127031,-0.29309010210729314
2008-10-31,-0.48875245009543367,-0.49003056897019504,-0.5453664915127008,-0.45761111096812446
2008-11-30,-0.5468558692897831,-0.5479887296165586,-0.540552582512047,-0.5192537515864695
2008-12-31,-0.5084514649889738,-0.5096803363265012,-0.5125360195655859,-0.47851004105614936
2009-01-31,-0.5150700355232805,-0.5162823604344724,-0.47047000992808186,-0.48553176491526984
2009-02-28,-0.5437083966080173,-0.5459870028024559,-0.489168704748529,-0.5303389353166571
2009-03-31,-0.5592729847156439,-0.5614738652482201,-0.5065936993001914,-0.5677538774277282
2009-04-30,-0.46646080076646934,-0.46912516214264166,-0.4026878465748117,-0.4817876852453912
2009-05-31,-0.41080377169678484,-0.41374607036187383,-0.3403782357071943,-0.43933807887856446
2009-06-30,-0.41144400489298516,-0.4143831063935507,-0.34109499479381067,-0.4294221230570745
2009-07-31,-0.40383907273811925,-0.40681615136863314,-0.33258105915683955,-0.43830943285329593
2009-08-31,-0.33123316756902355,-0.3345728219384756,-0.2512967043610915,-0.37403445983682826
2009-09-30,-0.30449477982771156,-0.30796795902094687,-0.22136232656125143,-0.36443792321288837
2009-10-31,-0.31620931695818766,-0.31962399668162755,-0.23447708065961204,-0.3449765549974656
2009-11-30,-0.34051654891392813,-0.34380984439778906,-0.2616897111170303,-0.33368687434724964
2009-12-31,-0.32095482923002383,-0.32434581105155624,-0.23978981524081655,-0.3023416769168602
2010-01-31,-0.30680481041400187,-0.3102664538919968,-0.22394847083323244,-0.31388686172802704
2010-02-28,-0.32827857788655856,-0.3316329867382374,-0.24798895803569276,-0.324831502571147
2010-03-31,-0.3102006418938482,-0.3136453274383907,-0.22775019977238053,-0.2871546218994675
2010-04-30,-0.26433105218625796,-0.26983478699691676,-0.17412887134658694,-0.2472926191040523
2010-05-31,-0.33311464801143276,-0.33810379447108063,-0.24409521272731682,-0.31766927482132057
2010-06-30,-0.35636929956907415,-0.3611844718034024,-0.2104026926895416,-0.3414625148644381
2010-07-31,-0.3619194766735204,-0.36827639374226784,-0.19034312419788368,-0.34665686922078787
2010-08-31,-0.3428627836505328,-0.3494095542138206,-0.16616219095818108,-0.33091399906205954
2010-09-30,-0.3264739513171242,-0.33318399664619547,-0.14536649151270065,-0.30978499044082186
2010-10-31,-0.29112002632775236,-0.2981822873427695,-0.10050609003075284,-0.27353288083515226
2010-11-30,-0.27653266787915265,-0.2837402563638539,-0.08199627091556305,-0.24713928541039265
2010-12-31,-0.2636399162205001,-0.27097594954889415,-0.06563672906022233,-0.22942214645489145
2011-01-31,-0.21004988482939868,-0.2179198121928102,-0.02172340938417261,-0.188735916561513
2011-02-28,-0.2598308676250781,-0.26720484883802087,-0.08337232770396419,-0.16683384406868074
2011-03-31,-0.2657009244785439,-0.2730164248834347,-0.09064182370763207,-0.19695876735308837
2011-04-30,-0.20254247141537574,-0.21048719185384446,-0.019259022826377703,-0.16612465623732375
2011-05-31,-0.22297316994372596,-0.23071434827198545,-0.08662784437585247,-0.15900711831784675
2011-06-30,-0.22916382808177638,-0.23684333159166127,-0.09390478070490271,-0.19150239644340705
2011-07-31,-0.20822796340796434,-0.21807575167289261,-0.05349131433493659,-0.17434111162560306
2011-08-31,-0.3727996155555622,-0.3821490169191739,-0.23251202354461276,-0.2847586854451305
2011-09-30,-0.35891507803519673,-0.37005027149171965,-0.25852864116000285,-0.278305567533938
2011-10-31,-0.37612899740143135,-0.3869651972055992,-0.25233292656664996,-0.2976839514919579
2011-11-30,-0.3423936256825557,-0.35381578512724376,-0.20303639365443982,-0.25970672084353175
2011-12-31,-0.3159003019274571,-0.3277826317414859,-0.20279861460053117,-0.22988214753587055
2012-01-31,-0.28624567053551253,-0.29864308040542387,-0.18061786662838286,-0.19649876627210927
2012-02-29,-0.24850909347035677,-0.26156196109884355,-0.12100710645323398,-0.15401722188516365
2012-03-31,-0.24281102563964763,-0.25782295753039086,-0.11072877036824347,-0.1417052906129752
2012-04-30,-0.25478785057600983,-0.27138842563668797,-0.11977783360849914,-0.13197460650526383
2012-05-31,-0.28954748479850556,-0.3053737435555134,-0.20031763692484383,-0.1724627348819101
2012-06-30,-0.2989710004338041,-0.3145873380579369,-0.2000170483095256,-0.1834392747487874
2012-07-31,-0.2678590296800528,-0.28416842713444,-0.20621724930012209,-0.14719995594970992
2012-08-31,-0.2512718262646998,-0.2679507253644321,-0.17060871437800584,-0.1278791306213548
2012-09-30,-0.23018679540199394,-0.24733539113477698,-0.15923569736558763,-0.1033192221099386
2012-10-31,-0.2272741283885683,-0.24448760758765098,-0.15142936616179747,-0.09992653865409051
2012-11-30,-0.2576730648658605,-0.27420936800555373,-0.16515774172708364,-0.13533531294463164
2012-12-31,-0.23074073779744375,-0.2478769937390385,-0.13180137822123328,-0.10396445590833481
2013-01-31,-0.20072580466088696,-0.21853068248533725,-0.12976904026990166,-0.06900296988490384
2013-02-28,-0.18388630402009531,-0.2020663037404885,-0.13333123968128646,-0.04938826797582141
2013-03-31,-0.16723877157073996,-0.18578961684459638,-0.1257312827506999,-0.029997171203932416
2013-04-30,-0.15439792751327586,-0.17323481937907703,-0.14755760534060736,-0.03248461432325267
2013-05-31,-0.13185930841621452,-0.15119827749368508,-0.1275078960591487,-0.0230175915781462
2013-06-30,-0.13713056613189123,-0.1563521110510987,-0.201138647620415,-0.057555936154791154
2013-07-31,-0.11464678552411733,-0.13436918605593895,-0.18488891680424968,-0.03299868017273089
2013-08-31,-0.1056510636715492,-0.1255738556703565,-0.17041131289928946,-0.04631891618912609
2013-09-30,-0.104285257194771,-0.12423847431876389,-0.13645377216280252,-0.044862500523897064
2013-10-31,-0.09195456509076183,-0.11218246450486624,-0.10522396095039843,-0.040608087745287236
2013-11-30,-0.041655350167672966,-0.06300373036496021,-0.11906898284401712,-0.01399583929637005
2013-12-31,-0.026203618182519373,-0.04789620591431232,-0.12015020457971426,-0.018276154170531522
2014-01-31,-0.04013246925144087,-0.048496859110746415,-0.14294558897423026,-0.04013246925144087
2014-02-28,-0.05761260668967605,-0.06582467273382586,-0.15348413609934697,-0.05761260668967605
2014-03-31,-0.019653486300597045,-0.019653486300597045,-0.13882707630464441,-0.019653486300596934
2014-04-30,-0.03977475384036677,-0.03977475384036666,-0.11986307515612671,-0.03977475384036655
2014-05-31,-0.01401880221900409,-0.014018802219004423,-0.12969277151676128,-0.0140188022190042
2014-06-30,-0.010844236813913999,-0.01084423681391411,-0.11704561768717259,-0.010844236813913999
2014-07-31,-0.028828226182601724,-0.028828226182601946,-0.10777223458473917,-0.028828226182601946
2014-08-31,-0.03944206428135111,-0.03944206428135122,-0.08876785586102942,-0.03944206428135122
2014-09-30,-0.022556874675647598,-0.022556874675647487,-0.09370737922618622,-0.022556874675647487
2014-10-31,-0.07401459519995723,-0.07401459519995701,-0.14728842150599386,-0.07401459519995701
2014-11-30,-0.002948426995476705,-0.002948426995476594,-0.13348377718756732,-0.002948426995476594
2014-12-31,-0.049451481498734906,-0.049451481498734906,-0.14870612303495812,-0.049451481498734906
2015-01-31,-0.04682934377363013,-0.04682934377363013,-0.15545815088651227,-0.04682934377363013
2015-02-28,-0.03334979957316242,-0.03334979957316253,-0.13149630320867145,-0.03334979957316242
2015-03-31,-0.03643632314207956,-0.03643632314207945,-0.115915045581796,-0.036436323142079674
2015-04-30,-0.027250508455776035,-0.027250508455776035,-0.08995675113057222,-0.027250508455776146
2015-05-31,-0.017726881697124885,-0.017726881697124774,-0.0643528820615894,-0.017726881697124997
2015-06-30,-0.03434366743016226,-0.03434366743016226,-0.0898356184049961,-0.03434366743016226
2015-07-31,-0.039487151401395026,-0.039487151401394915,-0.09544810135668658,-0.03948715140139514
2015-08-31,-0.12352525063764341,-0.12352525063764341,-0.1790745459765991,-0.12352525063764352
2015-09-30,-0.11687990578194662,-0.11687990578194651,-0.1571495226473334,-0.11687990578194662
2015-10-31,-0.09714575394894431,-0.0971457539489442,-0.11632330773095978,-0.09714575394894431
2015-11-30,-0.06678209165717752,-0.06911513642803424,-0.1282840427822841,-0.050581478416363956
2015-12-31,-0.07440201363431076,-0.07902421857872399,-0.13510336659249167,-0.0587895812468584
2016-01-31,-0.1141716492209287,-0.12079876641126219,-0.1742651281315053,-0.12741109225319114
2016-02-29,-0.11669842077129189,-0.12330663451248347,-0.17662048668437302,-0.14160750444640424
2016-03-31,-0.07753105529156545,-0.08443229049774226,-0.14011018591630175,-0.07155465402145955
2016-04-30,-0.04680440473634062,-0.05630067539164496,-0.11943686741798876,-0.04172573531661161
2016-05-31,-0.047677347754902066,-0.05716492166085907,-0.130679778910344,-0.04260332941521949
2016-06-30,-0.06611656661502197,-0.07542043865135428,-0.1362608570813294,-0.06114079327081989
2016-07-31,-0.02503211517325843,-0.03474529362325263,-0.1237527815662911,-0.01983744200597648
2016-08-31,-0.009638547233073003,-0.009638547233072892,-0.10505796425238678,-0.00963854723307278
2016-09-30,-0.02939519470498575,-0.02939519470498575,-0.10654296174000433,-0.02939519470498575
2016-10-31,-0.029221744105968006,-0.029221744105968117,-0.09904619194601982,-0.029221744105968117
2016-11-30,-0.04792821285465132,-0.04792821285465132,-0.12139293661617967,-0.04792821285465132
2016-12-31,-0.01447796955711289,-0.01447796955711289,-0.11915871078888818,-0.01447796955711278
2017-01-31,-0.01447796955711289,-0.01447796955711289,-0.09098413609934675,-0.01447796955711278
2017-02-28,-0.008188441112524036,-0.008188441112524147,-0.07352307802742086,-0.008188441112524147
2017-03-31,-0.022692312865529196,-0.022692312865529307,-0.06739017299547789,-0.022692312865529196
2017-04-30,-0.02796791718481184,-0.02796791718481173,-0.047156521427033304,-0.02796791718481184
2017-05-31,-0.018852624868354928,-0.01885262486835504,-0.010552006316847273,-0.018852624868354928
2017-06-30,-0.010144057371026305,-0.010144057371026416,-0.010144057371026305,-0.013890619234714352
2017-07-31,-0.020615697136074362,-0.020615697136074362,-0.020615697136074362,-0.01781564061913521
2017-08-31,-0.0537705025025188,-0.05377050250251891,-0.05377050250251891,-0.022314338384895493
2017-09-30,-0.05372563256415386,-0.05372563256415375,-0.05372563256415386,-0.009294901979539638
2017-10-31,-0.023275260755528326,-0.023275260755528326,-0.023275260755528326,-0.007013043156751109
2017-11-30,-0.03190029593779431,-0.03190029593779431,-0.03190029593779442,-0.01147085892168509
2017-12-31,-0.051067838950417554,-0.051067838950417443,-0.051067838950417666,-0.006915771403869009
2018-01-31,-0.035774461780239686,-0.035774461780239686,-0.035774461780239686,-0.017557419406156516
2018-02-28,-0.0902243484887556,-0.09022434848875571,-0.09022434848875571,-0.10159530548956264
2018-03-31,-0.08587901577636747,-0.08587901577636747,-0.08587901577636747,-0.09906821255828446
2018-04-30,-0.07317786612988275,-0.07317786612988275,-0.07317786612988275,-0.10128903239798226
2018-05-31,-0.07280452930694048,-0.0728045293069407,-0.07280452930694059,-0.08463318103527095
2018-06-30,-0.07525710974077182,-0.07756896696642002,-0.10928761945816146,-0.06030214639309894
2018-07-31,-0.07060190228627417,-0.0729253975305586,-0.13110665501753138,-0.055571654816288674
2018-08-31,-0.036299466959926474,-0.03870871829252687,-0.13755345067142888,-0.02071447971476148
2018-09-30,-0.016322342261902656,-0.018781536406248134,-0.12185790877495495,-0.014536556414476376
2018-10-31,-0.09878017572293796,-0.09878017572293785,-0.23175364388285702,-0.09878017572293774
2018-11-30,-0.10174526704981657,-0.10174526704981668,-0.22081910868720156,-0.10174526704981657
2018-12-31,-0.19778210435681998,-0.19778210435681998,-0.2194527728918978,-0.19778210435681987
2019-01-31,-0.16475649830994632,-0.16475649830994632,-0.23265811969101569,-0.1647564983099461
2019-02-28,-0.0766697777605988,-0.0766697777605988,-0.1620897624885016,-0.07666977776059869
2019-03-31,-0.06403819214898065,-0.06403819214898065,-0.18092980113078738,-0.06403819214898065
2019-04-30,-0.021687301405357018,-0.02168730140535713,-0.16546518922788556,-0.021687301405357018
2019-05-31,-0.06577773136683529,-0.06577773136683529,-0.2212578756749891,-0.06577773136683529
2019-06-30,-0.0683610804467385,-0.06836108044673839,-0.20445771864259366,-0.0683610804467385
2019-07-31,-0.015030511323977147,-0.015030511323977147,-0.22078446918816563,-0.015030511323977036
2019-08-31,-0.06122556998296669,-0.0612255699829668,-0.26498446995793234,-0.06122556998296658
2019-09-30,-0.03952267575004309,-0.03952267575004309,-0.24343870155762282,-0.03952267575004298
2019-10-31,-0.0456894883081006,-0.04568948830810071,-0.2222701188134817,-0.0456894883081006
2019-11-30,-0.005922425492665306,-0.005922425492665417,-0.19637901770078403,-0.005922425492665417
2019-12-31,-0.019162024044093506,-0.019162024044093506,-0.20685554174252085,-0.019162024044093506
2020-01-31,-0.03126485724869488,-0.03126485724869488,-0.18442839053340976,-0.03126485724869488
2020-02-29,-0.12755782942204097,-0.12755782942204097,-0.23523298911934853,-0.12755782942204108
2020-03-31,-0.3392496000265327,-0.3392496000265326,-0.4389786736150936,-0.3392496000265327
2020-04-30,-0.2704103269940812,-0.2704103269940813,-0.3512945550556349,-0.2704103269940813
2020-05-31,-0.16719575880320148,-0.16719575880320137,-0.27050369680431385,-0.16719575880320148
2020-06-30,-0.11341783906899006,-0.11341783906899006,-0.2183712507553336,-0.11341783906898995
2020-07-31,-0.07982215871033693,-0.07982215871033693,-0.18916630423487124,-0.07982215871033693
2020-08-31,-0.06699814976636187,-0.06699814976636198,-0.1336122454477926,-0.02703359200327049
2020-09-30,-0.11398135318503877,-0.11619639980207619,-0.1252756726798272,-0.09604454752912983
2020-10-31,-0.10493754258501842,-0.10717519872855608,-0.12741177512037238,-0.08681765153502163
2020-11-30,-0.08842194273183634,-0.0929741356553192,-0.11470677664066153,-0.07556888635472492
2020-12-31,-0.016212337548808464,-0.01621233754880813,-0.016212337548808242,-0.01479100810740086
2021-01-31,-0.0725399580553382,-0.0725399580553382,-0.0725399580553383,-0.0366036150334782
2021-02-28,-0.06669076563030718,-0.06669076563030718,-0.0666907656303074,-0.03143215166236235
2021-03-31,-0.07817724580008034,-0.07817724580008034,-0.07817724580008045,-0.042278854262786325
2021-04-30,-0.03789042658281894,-0.037890426582818826,-0.037890426582818826,-0.01207278294761105
2021-05-31,-0.03914381559105029,-0.03914381559105051,-0.03914381559105051,-0.040060495837450416
2021-06-30,-0.011556480046848061,-0.01155648004684795,-0.011556480046848061,-0.02084526022982036
2021-07-31,-0.03112964077925462,-0.03112964077925462,-0.031129640779254508,-0.028768596622478992
2021-08-31,-0.07403463017478462,-0.07403463017478473,-0.07403463017478451,-0.017733277845877526
2021-09-30,-0.07410724280756753,-0.07410724280756753,-0.07410724280756742,-0.05056483901609121
2021-10-31,-0.12008314146453636,-0.12008314146453647,-0.12008314146453636,-0.05212537590104871
2021-11-30,-0.10567035250305834,-0.10790617662180091,-0.14105003918056636,-0.02923559751229332
2021-12-31,-0.11623702490160948,-0.11844643233935548,-0.122682068612887,-0.04070536086630072
2022-01-31,-0.15276418796070024,-0.15488227749079841,-0.20897915714886495,-0.09799737462404645
2022-02-28,-0.17254435614225383,-0.1746129952518981,-0.19859857618729215,-0.11905616767387517
2022-03-31,-0.1832754903680197,-0.1853173016420998,-0.2068491865872364,-0.13048098129406915
2022-04-30,-0.19086760289283533,-0.19289043388560312,-0.20154543886772702,-0.13856386132843623
2022-05-31,-0.23613046187993292,-0.23804013572523297,-0.2284665724719458,-0.18675259114630394
2022-06-30,-0.281957271946631,-0.2837523787667644,-0.29979638207557147,-0.23554172683365304
2022-07-31,-0.2577514551181952,-0.2596070764803998,-0.3065463313980049,-0.20977120342286315
2022-08-31,-0.22551483340258272,-0.22745104631907642,-0.26573803177407795,-0.17545074976929986
2022-09-30,-0.29784839600126145,-0.29960377501125823,-0.3478508173459478,-0.2524600811026375
2022-10-31,-0.29953054407991053,-0.3012817177197107,-0.3478508173459478,-0.2542509661923039
2022-11-30,-0.2715551091839652,-0.27337622141100537,-0.29530347542213653,-0.22446714997065664
2022-12-31,-0.25915354000387214,-0.2610056561538625,-0.3233712835190502,-0.21126392154208007
2023-01-31,-0.25428140618130446,-0.2561457026658511,-0.32873251623951283,-0.2060768444182257
2023-02-28,-0.21711958938947284,-0.2210290984399591,-0.27307493321150544,-0.1723151611643884
2023-03-31,-0.22978313746438794,-0.23554533440187087,-0.2893129332175566,-0.1961405751904518
2023-04-30,-0.1897857032486674,-0.19584713161583656,-0.2559534795065971,-0.15439607954716084
2023-05-31,-0.18874097558471503,-0.19481021983704405,-0.2510551523201249,-0.15330571887099675
2023-06-30,-0.15681972220543183,-0.16312777783337395,-0.22848472563014155,-0.11999016629247339
2023-07-31,-0.12127684054434651,-0.12785080191107345,-0.23735556893510557,-0.08289479510818865
2023-08-31,-0.1271177957705737,-0.13364805939974933,-0.24225692164794366,-0.08899087938896644
2023-09-30,-0.14633050430034067,-0.15271703255362945,-0.25482193264573216,-0.10904278629857111
2023-10-31,-0.1775245644111526,-0.1836777216148302,-0.3107881193630663,-0.14159938228843405
2023-11-30,-0.15345583763121962,-0.15978905937319343,-0.3036569537185231,-0.11647934946868965
2023-12-31,-0.09123538493404115,-0.09803409440995026,-0.24601765092081895,-0.05154114861979431
2024-01-31,-0.06340111280871152,-0.07040805786786886,-0.26301203251835736,-0.02249109392870363
2024-02-29,-0.01995191243673944,-0.027283912505073338,-0.23077202356279936,-0.014610233020612817
2024-03-31,-0.01137419991369415,-0.01137419991369415,-0.2008102359608014,-0.011374199913694372
2024-04-30,-0.054644268434943744,-0.05464426843494352,-0.21814952756405803,-0.05464426843494352
2024-05-31,-0.044907544520634834,-0.044907544520634834,-0.20264067941220065,-0.044907544520634834
2024-06-30,-0.007142891224351078,-0.007142891224350856,-0.1945746261205794,-0.007142891224350967
2024-07-31,-0.04728613269924764,-0.04728613269924786,-0.17988569561389434,-0.04728613269924775
2024-08-31,-0.08485144350207374,-0.08485144350207374,-0.26130261012159584,-0.08485144350207374
2024-09-30,-0.04566280782731902,-0.04566280782731902,-0.23957327976134646,-0.04566280782731913
2024-10-31,-0.027148966384044182,-0.027148966384044404,-0.22663007796781443,-0.027148966384044293
2024-11-30,-0.025914498598100133,-0.025914498598100022,-0.26877263471912516,-0.025914498598100244
2024-12-31,-0.0366469697879549,-0.03664696978795501,-0.2858002971066892,-0.03664696978795512
2025-01-31,-0.043221397347667834,-0.043221397347667945,-0.2741943779669068,-0.043221397347667945
2025-02-28,-0.045991729143393334,-0.04599172914339322,-0.2575509574278185,-0.045991729143393334
2025-03-31,-0.10133702671788525,-0.10133702671788514,-0.2493306022915337,-0.10133702671788514
2025-04-30,-0.1890220618428401,-0.18902206184283998,-0.30603501744215955,-0.1890220618428401
2025-05-31,-0.08789007010050454,-0.08789007010050442,-0.2264909037549807,-0.08789007010050454
2025-06-30,-0.03388751320310024,-0.03388751320310002,-0.18341951040932347,-0.03388751320310013
2025-07-31,-0.008572555644746127,-0.008572555644746016,-0.07591953310077115,-0.008572555644745905
2025-08-31,-0.04390357280154045,-0.04629381386953679,-0.05621427987934202,-0.023750503295482228
2025-09-30,-0.0366947134442559,-0.03910297666064522,-0.04909824186662881,-0.01330043475723608
2025-10-31,-0.013512989530825914,-0.013512989530825803,-0.013512989530825803,-0.029792535494217898
2025-11-30,-0.08901505730872816,-0.08901505730872805,-0.08901505730872816,-0.05110085404168474
2025-12-31,-0.07141385215556151,-0.0714138521555614,-0.0714138521555614,-0.026020841069229084
2026-01-31,-0.008112110651754434,-0.008112110651754323,-0.008112110651754323,-0.025856840246254453
2026-02-28,-0.052578689064306405,-0.052578689064306405,-0.052578689064306405,-0.025821825694385403
2026-03-31,-0.1989466124012449,-0.1989466124012449,-0.198946612401245,-0.09097524918009314
2026-04-30,-0.17015602629980953,-0.17015602629980975,-0.17015602629980964,-0.05778813340700528
2026-05-31,-0.09678239809757938,-0.09678239809757938,-0.09678239809757938,-0.01968079497270636
2026-06-30,-0.14964284456381827,-0.14964284456381804,-0.14964284456381816,-0.04504592254428974
2026-07-31,-0.38630431562721135,-0.38630431562721135,-0.38630431562721135,-0.03858585808031645
2026-08-31,-0.31346583210361445,-0.31346583210361456,-0.31346583210361456,-0.020237245256359615
