Date,WealthMultiple_Net,Drawdown_Net
2007-05-31,1.0024448204578253,0.0
2007-06-30,0.9924501972173166,-0.02699855115890748
2007-07-31,0.9998183365644321,-0.017792711789542892
2007-08-31,1.0113331775483625,-0.023904061224742756
2007-09-30,1.0487550677041182,-0.0036195244567958085
2007-10-31,1.0776229364983905,-0.008183615919534759
2007-11-30,1.07794845434026,-0.020469184026198795
2007-12-31,1.093901359860276,-0.017948067144779367
2008-01-31,1.1147324761964765,-0.01950280667553883
2008-02-29,1.1227150773322359,-0.017737299165464848
2008-03-31,1.1082154972246734,-0.017994125205426315
2008-04-30,1.1008119567673789,-0.027049062343734276
2008-05-31,1.1002762350285096,-0.029996806567493817
2008-06-30,1.0984342945098313,-0.04243657515521859
2008-07-31,1.0914334962486083,-0.035245239698608155
2008-08-31,1.0756911777568545,-0.05841538528124135
2008-09-30,1.0688605875420576,-0.06991703908795399
2008-10-31,0.9810727149435728,-0.1394262538568377
2008-11-30,1.0373510607708616,-0.14441586505837845
2008-12-31,1.1031940551974595,-0.09635012406179966
2009-01-31,1.055354585536185,-0.07391096342290537
2009-02-28,1.029505877631935,-0.08773986422142299
2009-03-31,1.0499559833951995,-0.10479515560145547
2009-04-30,1.0466015909536983,-0.07962955954414241
2009-05-31,1.0816455818259358,-0.07359900493672533
2009-06-30,1.0671321112304304,-0.06745297954879959
2009-07-31,1.0956962275913786,-0.0668211414298373
2009-08-31,1.1120494165971249,-0.034750431921116154
2009-09-30,1.1460696695728352,-0.019825484052916842
2009-10-31,1.1454558738351752,-0.02494439215794264
2009-11-30,1.2090858563608426,-0.016449993176524957
2009-12-31,1.1740334486116555,-0.04063847450663893
2010-01-31,1.1697144882553834,-0.04263955096872418
2010-02-28,1.1867586449810348,-0.04985925733948582
2010-03-31,1.1968634994040157,-0.028152249864728973
2010-04-30,1.2287133681373839,-0.01708590173925273
2010-05-31,1.2292496278663072,-0.01772465013434399
2010-06-30,1.2407510154252324,-0.013951395516082377
2010-07-31,1.2392789309363528,-0.020996739398341013
2010-08-31,1.272423693154471,-0.009147069088999538
2010-09-30,1.3038452506942797,-0.007498703191606726
2010-10-31,1.3122209806515492,-0.018178724425238713
2010-11-30,1.3140114284341684,-0.03071768406027231
2010-12-31,1.3314706461467625,-0.021437118862780213
2011-01-31,1.3073698539375713,-0.018394166036262982
2011-02-28,1.3432111601177603,-0.01555845558685831
2011-03-31,1.348653045849896,-0.011780789699955663
2011-04-30,1.3966313246751856,-0.006788463771792985
2011-05-31,1.397670126764954,-0.01538849754701943
2011-06-30,1.3747903490535527,-0.020482634824127488
2011-07-31,1.4125131646558682,-0.014971014066194832
2011-08-31,1.475028771162297,-0.022869095160678254
2011-09-30,1.4567841308521947,-0.03692024379982051
2011-10-31,1.494862659497118,-0.02874108763060068
2011-11-30,1.5087732375506708,-0.02699857483162682
2011-12-31,1.4834155943212508,-0.033447865344925165
2012-01-31,1.5389699451831163,-0.021091405900943827
2012-02-29,1.5339174281408212,-0.016509871334777326
2012-03-31,1.5259680197143317,-0.03069305849760584
2012-04-30,1.5397270006909818,-0.030592431326191494
2012-05-31,1.5238182653534333,-0.03503310933200354
2012-06-30,1.5411116620545848,-0.021776206400065945
2012-07-31,1.564069753388338,-0.013146115439009232
2012-08-31,1.587324090890754,-0.012969662342661503
2012-09-30,1.6059681928551304,-0.0046918174201827645
2012-10-31,1.5842622580497527,-0.024818512508438917
2012-11-30,1.5892452775095693,-0.02563500719877665
2012-12-31,1.5734889883608507,-0.026587141367022893
2013-01-31,1.579597549863637,-0.02712764581600724
2013-02-28,1.5697012857462382,-0.03400834937004682
2013-03-31,1.587155346187015,-0.027887034216622753
2013-04-30,1.5852746940915152,-0.0418505525710946
2013-05-31,1.5464744026553747,-0.04100882181326826
2013-06-30,1.4920682617234908,-0.08027330011939049
2013-07-31,1.5278436674897844,-0.07998369270310768
2013-08-31,1.525311834996596,-0.06446600098493549
2013-09-30,1.5260982068937134,-0.06113027265545101
2013-10-31,1.5514484046561186,-0.06254176449314319
2013-11-30,1.5387829168435312,-0.0544150286061682
2013-12-31,1.533959796461385,-0.05719585159858187
2014-01-31,1.5543466513157909,-0.048402733834406964
2014-02-28,1.598051784792503,-0.03959268643755609
2014-03-31,1.5911643535129136,-0.013640751545734187
2014-04-30,1.604512045104461,-0.014646079897593811
2014-05-31,1.6137936187239774,-0.006719726141346749
2014-06-30,1.6457428839133907,-0.0094767983888141
2014-07-31,1.6278413736720478,-0.014606259809242905
2014-08-31,1.666107218651699,-0.012847387139957478
2014-09-30,1.6257629813889598,-0.02607975399063356
2014-10-31,1.6365589767291635,-0.02411331730042021
2014-11-30,1.660141522319556,-0.022575035795026732
2014-12-31,1.679051769300419,-0.009678967203457178
2015-01-31,1.7443058438183274,-0.008805251817165072
2015-02-28,1.712277134781842,-0.027510130281812706
2015-03-31,1.7009470644452722,-0.04371408395757248
2015-04-30,1.6894610051522672,-0.03292781525795452
2015-05-31,1.6872675428639416,-0.0420880444410453
2015-06-30,1.6553659504848197,-0.052444323129751225
2015-07-31,1.6553663725272865,-0.05798179797827696
2015-08-31,1.640339499794571,-0.06711100376478296
2015-09-30,1.6304929679317384,-0.07006362258107013
2015-10-31,1.6716401621925423,-0.06529295220229514
2015-11-30,1.642458646876223,-0.06716965640675543
2015-12-31,1.6319403024869037,-0.06706522200863774
2016-01-31,1.6552374613696226,-0.0703369338099622
2016-02-29,1.7145478395532723,-0.05095192208506749
2016-03-31,1.7366281846301475,-0.019701320612669937
2016-04-30,1.7590779575918998,-0.010524862357443321
2016-05-31,1.7396355236592262,-0.013600644154444064
2016-06-30,1.812976405295354,-0.011231451673956894
2016-07-31,1.8487344333971756,-0.01580102478824308
2016-08-31,1.827707034146239,-0.013601920081408814
2016-09-30,1.8240424177620647,-0.026181955911543597
2016-10-31,1.7811208673656773,-0.042907495805184825
2016-11-30,1.7197428839561573,-0.07167583367596786
2016-12-31,1.7186477029805842,-0.07866176138368719
2017-01-31,1.753417538033558,-0.06748500486419762
2017-02-28,1.7920333448869143,-0.05557518162980779
2017-03-31,1.7876454477706305,-0.05176293855143188
2017-04-30,1.8073703473445342,-0.033501047743977
2017-05-31,1.8217106024786343,-0.03583419871964966
2017-06-30,1.8185404199211574,-0.018344524056828515
2017-07-31,1.8359686069389896,-0.02800363767664016
2017-08-31,1.8731297784179315,-0.008511795501545683
2017-09-30,1.8556261365041555,-0.016727177753613542
2017-10-31,1.863708188355056,-0.018419721532832
2017-11-30,1.8843148806672974,-0.01042285403424581
2017-12-31,1.9092165419570395,-0.00738379988778104
2018-01-31,1.9367164422980754,-0.010006085077010507
2018-02-28,1.8945067470014143,-0.0415675353995093
2018-03-31,1.897869821179827,-0.031309586019620306
2018-04-30,1.8864671763743395,-0.03558941677886429
2018-05-31,1.9021411304312434,-0.03664498073997635
2018-06-30,1.8916399903297134,-0.03109168150407604
2018-07-31,1.8934421987216756,-0.03224855857033815
2018-08-31,1.9069140345224125,-0.034996819704259496
2018-09-30,1.894406095157699,-0.02927865131468843
2018-10-31,1.8548050497245276,-0.05050517425968459
2018-11-30,1.8741436915097722,-0.05037244955325304
2018-12-31,1.8794055675642758,-0.053563617637359284
2019-01-31,1.9332156811958372,-0.0352691531338859
2019-02-28,1.9411314104168915,-0.010660720529107381
2019-03-31,1.9695913154917306,-0.01466465811808837
2019-04-30,1.9794226217123494,-0.009062791872292197
2019-05-31,1.9860612472958385,-0.005835749112187205
2019-06-30,2.0662733378863,-0.005506618305482269
2019-07-31,2.076908947731583,-0.009173215076764052
2019-08-31,2.16644458090968,-0.004036998205267706
2019-09-30,2.1436595704577712,-0.02486314831817027
2019-10-31,2.1645128968746463,-0.020799846891206175
2019-11-30,2.1659922317576896,-0.02407894916983777
2019-12-31,2.1858500095166864,-0.013331441843546843
2020-01-31,2.253254189449617,-0.0031207630181089296
2020-02-29,2.2459588967746087,-0.025112675760087022
2020-03-31,2.2229975080195854,-0.10792199990414642
2020-04-30,2.3278831852442945,-0.048465684202921855
2020-05-31,2.35523393794895,-0.01971128981505288
2020-06-30,2.3837122769086743,-0.009978402157989952
2020-07-31,2.5133391054740843,-0.0019890124717987234
2020-08-31,2.515097390723895,-0.028616796839671443
2020-09-30,2.4681917578605397,-0.04556052030996938
2020-10-31,2.4279430669062427,-0.05152931460846033
2020-11-30,2.463145259826845,-0.044643512166574806
2020-12-31,2.5229255150659338,-0.03364243264936795
2021-01-31,2.4747336724492723,-0.033250666186183886
2021-02-28,2.419895196308501,-0.05511048567769716
2021-03-31,2.412853914115722,-0.0676814753249495
2021-04-30,2.4822684794695222,-0.04825383407670991
2021-05-31,2.5310224223784026,-0.036358179644013444
2021-06-30,2.5275562325314507,-0.020215193416768806
2021-07-31,2.58171194686152,-0.010206626534439933
2021-08-31,2.6016502424623478,-0.015844572746996244
2021-09-30,2.5289274307063327,-0.030304433914526197
2021-10-31,2.6038209354267394,-0.030820152631041875
2021-11-30,2.609926440281841,-0.014637602319750975
2021-12-31,2.6529120648588935,-0.015321670338213744
2022-01-31,2.584604863849912,-0.035573692750515695
2022-02-28,2.5957914501518253,-0.035249537268957076
2022-03-31,2.5928016523968487,-0.04070476546665158
2022-04-30,2.4664046210986084,-0.07075624682369641
2022-05-31,2.4330188291104253,-0.09627783253217492
2022-06-30,2.3691808256837534,-0.12051627824520283
2022-07-31,2.4134232394796897,-0.11903923897544111
2022-08-31,2.3478627494159108,-0.11541813758106456
2022-09-30,2.238032445508276,-0.16084752452210715
2022-10-31,2.2404960427457277,-0.16972491663923972
2022-11-30,2.354793262780511,-0.163888752773788
2022-12-31,2.330842632779425,-0.12752231432893302
2023-01-31,2.445541200988637,-0.11728089010784326
2023-02-28,2.3688686098901877,-0.11094137192321452
2023-03-31,2.468327290917191,-0.10971377763688561
2023-04-30,2.48807130216563,-0.0708763647905134
2023-05-31,2.46609963645974,-0.08154415741509657
2023-06-30,2.4980859945616443,-0.07243307166301194
2023-07-31,2.5215403289767253,-0.0688363947709324
2023-08-31,2.486587351801386,-0.08500902521412712
2023-09-30,2.3813751360396496,-0.10279199519641913
2023-10-31,2.3842672259330673,-0.11657823856686744
2023-11-30,2.5115460333406983,-0.09572836903949311
2023-12-31,2.602057910532288,-0.051652694054197146
2024-01-31,2.5910614706730417,-0.03800267588844464
2024-02-29,2.6170837744671624,-0.03254645568431036
2024-03-31,2.703205949846952,-0.009389170128583757
2024-04-30,2.6573998179283596,-0.02506728448954243
2024-05-31,2.7239597367882693,-0.021859941820830953
2024-06-30,2.7621962853928728,-0.01396945014338491
2024-07-31,2.835846974108502,-0.02880975284669718
2024-08-31,2.8862665534977996,-0.02589682028103102
2024-09-30,2.958463740383262,-0.008451339546658998
2024-10-31,2.953328567228681,-0.011716532451881534
2024-11-30,2.9883406002656425,-0.025017899132245724
2024-12-31,2.918387109136476,-0.03170168006223917
2025-01-31,2.9939020226903166,-0.03182216945055405
2025-02-28,3.042575228302067,-0.009651488399969543
2025-03-31,3.068380300859024,-0.018864629374182762
2025-04-30,3.1010145791724293,-0.048553901580392855
2025-05-31,3.122715520046471,-0.015536723885568371
2025-06-30,3.186419808781721,-0.006830306991866597
2025-07-31,3.1928741123787536,-0.010718882102406124
2025-08-31,3.2571773033210203,-0.00851288195024058
2025-09-30,3.4268800585482846,-0.005573326230017828
2025-10-31,3.497967216909337,-0.028514912527488057
2025-11-30,3.5629115956905744,-0.03522624769696392
2025-12-31,3.570508451246132,-0.020973856151924708
2026-01-31,3.6964543449116105,-0.031935200490813664
2026-02-28,3.819617998022122,-0.04186801400425144
2026-03-31,3.6182140502077025,-0.07491066546829783
2026-04-30,3.688070063357491,-0.05164097422628211
2026-05-31,3.730639490432563,-0.04349973333180668
2026-06-30,3.6238872865515157,-0.06154903179489912
2026-07-31,3.5939136679165093,-0.06515617052895017
2026-08-31,3.718620188892596,-0.055846815650941406
